"name.ja","name.en","name.zh","name.ko","nation","capital","coords[0]","coords[1]","coords[2]","population[0]","population[1]","wiki.ja","wiki.en","wiki.zh","wiki.ko","yomi"
"アウランガーバード","Aurangabad","奥兰加巴德","아우랑가바드","インド",false,75.32,19.88,563,2006,1414918,657618,546024,1221637,685878,""
"アクラ","Accra","阿克拉","아크라","ガーナ",true,-0.2,5.55,24,2012,2291352,208456,56824,270995,15746,""
"アシガバート","Ashgabat","阿什哈巴德","아시가바트","トルクメニスタン",true,58.38,37.9375,229,2022,1030063,25198,56569,295000,51373,""
"アスタナ","Astana","阿斯塔納","아스타나","カザフスタン",true,71.422222,51.147222,348,2022,1340782,37442,56602,6523881,44669,""
"アスマラ","Asmara","阿斯馬拉","아스마라","エリトリア",true,38.941111,15.335833,2343,2015,400000,264403,56827,239077,53503,""
"アスンシオン","Asunción","亞松森","아순시온","パラグアイ",true,-57.633333,-25.3,144,2016,525294,2795,56836,275536,55239,""
"アダナ","Adana","阿达纳","아다나","トルコ",false,35.321333,37,32,2016,1736564,193067,185243,243863,191456,""
"アダムスタウン","Adamstown","亚当斯敦","애덤스타운","ピトケアン諸島",true,-130.1,-25.066667,92,2015,57,287054,382727,909783,720058,""
"アテネ","Athens","雅典","아테네","ギリシャ",true,23.728056,37.984167,75,2011,655780,7996,1216,7777,5447,""
"アディスアベバ","Addis Ababa","亚的斯亚贝巴","아디스아바바","エチオピア",true,38.74,9.03,2440,2023,3945000,102688,52593,113032,47751,""
"アデレード","Adelaide","阿德莱德","애들레이드","オーストラリア",false,138.6,-34.9275,50,2011,1198468,183264,1148,218653,108142,""
"アバルア","Avarua","阿瓦鲁阿","아바루아","クック諸島",true,-159.770833,-21.206944,12,2016,4906,803647,1127944,958090,486300,""
"アビジャン","Abidjan","阿比让","아비장","コートジボアール",false,-4.033333,5.316667,13,2014,4707404,102281,21371767,1019011,55145,""
"アピア","Apia","阿皮亚","아피아","サモア",true,-171.75,-13.833333,15,2021,35974,264435,56828,237901,53527,""
"アフマダーバード","Ahmedabad","艾哈迈达巴德","아마다바드","インド",false,72.571389,23.0225,52,2011,5633927,308590,206337,215492,282472,""
"アフヴァーズ","Ahvaz","阿瓦士","아바즈","イラン",false,48.678333,31.304722,17,2016,1184788,328504,599079,119907,381633,""
"アブジャ","Abuja","阿布贾","아부자","ナイジェリア",true,7.483333,9.066667,481,2012,979876,241987,56823,233610,46223,""
"アブダビ","Abu Dhabi","阿布扎比","아부다비","アラブ首長国連邦",true,54.366667,24.466667,4,2014,1512000,3366783,18950756,202599,50043,""
"アムステルダム","Amsterdam","阿姆斯特丹","암스테르담","オランダ",true,4.893611,52.372778,5,2012,820654,10032,844,21829,11772,""
"アムリトサル","Amritsar","阿姆利则","암리차르","インド",false,74.86,31.64,234,2009,1194740,308610,447472,526354,682676,""
"アルジェ","Algiers","阿爾及爾","알제","アルジェリア",true,3.087222,36.7325,117,2008,2712944,155109,1644,70078,54998,""
"アルマトイ","Almaty","阿拉木圖","알마티","カザフスタン",false,76.915,43.24,822,2014,1530000,195550,159577,162710,44674,""
"アレクサンドリア","Alexandria","亚历山大","알렉산드리아","エジプト",false,29.8925,31.1975,8,2021,5263542,28654,3080,145276,115530,""
"アレッポ","Aleppo","阿勒颇","알레포","シリア",false,37.16,36.2,407,2008,1671673,354487,159244,555138,180668,""
"アロフィ","Alofi","阿洛菲","알로피","ニウエ",true,-169.919444,-19.054167,25,2017,597,662733,1262222,958194,983961,""
"アンカラ","Ankara","安卡拉","앙카라","トルコ",true,32.85,39.93,855,2020,5663322,75753,802,219054,271,""
"鞍山","Anshan","鞍山","안산","中華人民共和国",false,122.994,41.108,73,2006,3442000,518541,175782,12711,56322,"アンシャン"
"アンタナナリボ","Antananarivo","塔那那利佛","안타나나리보","マダガスカル",true,47.525,-18.91,1291,2013,2075000,243066,56597,112742,46282,""
"アンタルヤ","Antalya","安塔利亚","안탈리아","トルコ",false,30.7075,36.8874,51,2007,775157,662853,361527,366808,448120,""
"アンドラ・ラ・ベリャ","Andorra la Vella","安道尔城","안도라라벨랴","アンドラ",true,1.5,42.5,1058,2012,19403,264452,59318,156279,44258,""
"アンマン","Amman","安曼","암만","ヨルダン",true,35.932778,31.949722,792,2018,3728346,110555,45007,113284,45077,""
"アーグラ","Agra","阿格拉","아그라","インド",false,78.02,27.18,178,2011,1574542,452691,356275,271111,61146,""
"煙台","Yantai","烟台","옌타이","中華人民共和国",false,121.4478,37.4646,5,2020,7102100,229724,261441,3109,112323,"イェンタイ"
"イスタンブール","Istanbul","伊斯坦堡","이스탄불","トルコ",false,28.955,41.013611,56,2020,15462452,19527,3391396,12135,33119,""
"イスファハーン","Isfahan","伊斯法罕","이스파한","イラン",false,51.670278,32.665278,1581,2006,1583609,24217,223149,458166,280543,""
"イスラマバード","Islamabad","伊斯兰堡","이슬라마바드","パキスタン",true,73.063889,33.693056,544,2017,1014825,347350,51153,113307,38839,""
"イズミル","İzmir","伊兹密尔","이즈미르","トルコ",false,27.14,38.42,19,2012,4005459,192612,580279,148108,191464,""
"イバダン","Ibadan","伊巴丹","이바단","ナイジェリア",false,3.916667,7.396389,234,2011,3034200,589724,355307,684986,332036,""
"イラーハーバード","Prayagraj","普拉亚格拉吉","프라야그라지","インド",false,81.846389,25.435833,93,2001,1015348,656653,10234471,269866,285188,""
"仁川","Incheon","仁川","인천","大韓民国",false,126.633333,37.483333,15,2018,2997410,17529,68074,81929,5222,"インチョン"
"インドール","Indore","印多尔","인도르","インド",false,75.847222,22.716667,559,2011,1960631,598512,365670,503683,293784,""
"益陽","Yiyang","益阳","이양","中華人民共和国",false,112.356,28.5549,73,2006,4630000,1346875,464876,8228,356081,"イーヤン"
"ウィレムスタッド","Willemstad","威廉斯塔德","빌렘스타트","キュラソー",true,-68.933333,12.116667,0,2011,135000,695849,309311,467138,56237,""
"ウィントフック","Windhoek","温得和克","빈트후크","ナミビア",true,17.083611,-22.57,1670,2016,322500,227897,57669,294968,51654,""
"ウィーン","Vienna","維也納","빈","オーストリア",true,16.3725,48.208333,186,2017,1867582,9465,55866,50446,2447,""
"濰坊","Weifang","潍坊","웨이팡","中華人民共和国",false,119.162,36.708,33,2020,9386700,1080134,613594,4022,304664,"ウェイファン"
"ウェスト島","West Island","西島","웨스트섬","ココス諸島",true,96.828333,-12.186944,10,2011,133,343058,9044698,3044687,51637,""
"ウェリントン","Wellington","惠灵顿","웰링턴","ニュージーランド",true,174.777222,-41.288889,14,2008,383000,140927,33804,19233,22854,""
"温州","Wenzhou","温州","원저우","中華人民共和国",false,120.6993,27.9938,21,2010,9122100,198706,481447,10244,298869,"ウェンヂョウ"
"ウファ","Ufa","烏法","우파","ロシア",false,55.9475,54.726111,179,2018,1120547,192490,321112,381923,35012,""
"ウランバートル","Ulaanbaatar","乌兰巴托","울란바토르","モンゴル",true,106.915278,47.921944,1299,2016,1418000,75551,67397,21021,31151,""
"蔚山","Ulsan","蔚山","울산","大韓民国",false,129.316667,35.55,8,2023,1103661,89331,323111,119489,6476,"ウルサン"
"烏魯木斉","Ürümqi","乌鲁木齐","우루무치","中華人民共和国",false,87.6125,43.8225,835,2019,3552000,161997,199155,3510,55686,"ウルムチ"
"無錫","Wuxi","无锡","우시","中華人民共和国",false,120.303056,31.566111,8,2022,5190000,370636,427264,10832,303995,"ウーシー"
"武漢","Wuhan","武汉","우한","中華人民共和国",false,114.3046,30.5934,19,2017,10892900,201565,82138,7290,82734,"ウーハン"
"エカテペック","Ecatepec de Morelos","埃卡提佩","에카테펙데모렐로스","メキシコ",false,-99.06,19.609722,2261,2010,1656107,919342,40616788,1262723,944166,""
"エカテリンブルク","Yekaterinburg","葉卡捷琳堡","예카테린부르크","ロシア",false,60.612778,56.835556,261,2020,1493749,184350,66524,291166,35262,""
"エルサレム","Jerusalem","耶路撒冷","예루살렘","イスラエル",true,35.216667,31.783333,801,2016,874186,7826,16043,19997,12519,""
"エレバン","Yerevan","葉里溫","예레반","アルメニア",true,44.514444,40.181389,1024,2007,1107800,105406,34352,89758,51284,""
"鄂州","Ezhou","鄂州","어저우","中華人民共和国",false,114.8949,30.3914,17,2004,1030000,903071,4308457,95425,353493,"オゥーヂョウ"
"大阪","Osaka","大阪","오사카","日本",false,135.502222,34.693889,47,2024,2795562,453369,52230,51925,6545,"オオサカ"
"オスロ","Oslo","奥斯陆","오슬로","ノルウェー",true,10.738889,59.913333,7,2023,709037,179758,22309,19944,10804,""
"オタワ","Ottawa","渥太華","오타와","カナダ",true,-75.695,45.424722,74,2021,1017449,43772,22219,70236,7763,""
"オムスク","Omsk","鄂木斯克","옴스크","ロシア",false,73.366667,54.983333,79,2020,1154507,185115,62593,315637,35265,""
"オムドゥルマン","Omdurman","恩图曼","옴두르만","スーダン",false,32.483333,15.65,394,2006,2970099,271742,100414,757562,445695,""
"オラニエスタッド","Oranjestad","奥拉涅斯塔德","오라녜스타트","アルバ",true,-70.035833,12.518611,7,2010,28294,571394,422590,1060256,685877,""
"オラン","Oran","瓦赫蘭","오랑","アルジェリア",false,-0.633056,35.696944,122,2008,683000,904312,145335,293769,323627,""
"オークランド","Auckland","奧克蘭","오클랜드","ニュージーランド",false,174.765278,-36.849167,54,2020,1650644,68825,18660332,52413,22860,""
"カイエンヌ","Cayenne","卡宴","카옌","フランス領ギアナ",true,-52.326,4.9372,5,2020,63468,81406,497311,487078,335435,""
"カイロ","Cairo","开罗","카이로","エジプト",true,31.235833,30.044444,15,2021,10025657,109474,6293,38202,30237,""
"高雄","Kaohsiung","高雄","가오슝","中華民国",false,120.2975,22.615,10,2022,2724134,17082,17015,1077810,74047,"カオシュン"
"カサブランカ","Casablanca","卡萨布兰卡","카사블랑카","モロッコ",false,-7.583333,33.533333,147,2013,4150000,53883,7301,167558,198125,""
"カザン","Kazan","喀山","카잔","ロシア",false,49.108889,55.796389,81,2021,1308660,184367,202295,382501,35311,""
"カストリーズ","Castries","卡斯特里","캐스트리스","セントルシア",true,-60.989444,14.010833,8,2011,12904,264473,56633,749014,53543,""
"カトマンズ","Kathmandu","加德滿都","카트만두","ネパール",true,85.32,27.71,1302,2021,845767,81441,17168,112940,39417,""
"カノ","Kano","卡諾","카노","ナイジェリア",false,8.516667,12,485,2016,3931300,544285,508782,1269014,331646,""
"カラカス","Caracas","卡拉卡斯","카라카스","ベネズエラ",true,-66.903611,10.480556,888,2007,5174034,118943,55289,113289,46358,""
"カラチ","Karachi","卡拉奇","카라치","パキスタン",false,67.01,24.86,14,2017,14910352,226403,17123,295172,38870,""
"カリ","Cali","卡利","칼리","コロンビア",false,-76.522222,3.420556,961,2020,2227642,188557,283965,679783,232751,""
"カリヤーン・ドンビヴリ","Kalyan-Dombivli","卡扬多姆比维利","칼얀 돔비블리","インド",false,73.133333,19.233333,11,2011,1246381,2772344,1341094,"","",""
"カルガリー","Calgary","卡尔加里","캘거리","カナダ",false,-114.066667,51.05,1142,2016,1239220,141849,15895358,98384,25384,""
"カルタヘナ","Cartagena","卡塔赫纳","카르타헤나","コロンビア",false,-75.5,10.4,14,2018,1036412,725673,63927,441279,232757,""
"カローカン","Caloocan","加洛坎市","칼로오칸","フィリピン",false,120.97,14.65,8,2020,1661584,215924,489848,1263611,700584,""
"川崎","Kawasaki","川崎","가와사키","日本",false,139.7,35.516667,4,2024,1552270,8210,6793101,91197,27019,"カワサキ"
"カンパラ","Kampala","坎帕拉","캄팔라","ウガンダ",true,32.581111,0.313611,1200,2020,1680600,208109,56689,294961,34605,""
"カンピーナス","Campinas","坎皮纳斯","캄피나스","ブラジル",false,-47.060833,-22.905833,690,2020,1213792,555431,63514,673026,325622,""
"カーブル","Kabul","喀布尔","카불","[""アフガニスタン"",""アフガニスタン・イスラム共和国""]",true,69.178333,34.525278,1803,2021,4601789,13366,16826,41527,48427,""
"カーンプル","Kanpur","坎普尔","칸푸르","インド",false,80.331874,26.449923,134,2011,2767031,598642,363531,210707,285187,""
"ガズィアンテプ","Gaziantep","加濟安泰普","가지안테프","トルコ",false,37.379167,37.062778,843,2007,1237874,195108,569037,1785424,331653,""
"ガーズィヤーバード","Ghaziabad","加濟阿巴德","가지아바드","インド",false,77.42,28.67,217,2011,1649000,1593127,2007286,2931620,693517,""
"キガリ","Kigali","吉佳利","키갈리","ルワンダ",true,30.059444,-1.943889,1536,2012,1132686,264870,56690,294946,46276,""
"キシナウ","Chișinău","基希讷乌","키시너우","モルドバ",true,28.835278,47.022778,89,2011,664700,32058,56635,122080,13778,""
"キト","Quito","基多","키토","エクアドル",true,-78.5125,-0.22,2819,2019,1978376,136546,209982,92621,46383,""
"キャラジ","Karaj","卡拉季","카라지","イラン",false,50.9675,35.829167,1313,2016,1967005,1592791,978698,2772060,679461,""
"キャンベラ","Canberra","堪培拉","캔버라","オーストラリア",true,149.126944,-35.293056,560,2013,374245,81430,51983,65646,28845,""
"京都","Kyoto","京都","교토","日本",false,135.768333,35.011667,59,2024,1437092,7212,37652,38932,6670,"キョウト"
"キングスタウン","Kingstown","金斯敦","킹스타운","セントビンセント・グレナディーン",true,-61.225,13.157778,14,2019,12961,264874,742159,650675,53547,""
"キングストン","Kingston","京斯敦","킹스턴","ジャマイカ",true,-76.793056,17.971389,13,2014,666000,561706,37408,112417,197674,""
"キングストン","Kingston","金斯顿","킹스턴","ノーフォーク島",true,167.961944,-29.060556,0,2024,880,401359,2233885,1086008,51343,""
"キング・エドワード・ポイント","King Edward Point","爱德华国王角","킹 에드워드 포인트","南ジョージア島・南サンドイッチ諸島",true,-36.495,-54.283333,1,2024,20,4006407,1342072,3746989,"",""
"キンシャサ","Kinshasa","金夏沙","킨샤사","コンゴ民主共和国",true,15.311944,-4.321944,279,2018,14566000,110539,45773,203521,46746,""
"キーウ","Kyiv","基輔","키이우","ウクライナ",true,30.523333,50.45,155,2022,2950702,57534,585629,65347,32564,""
"ギテガ","Gitega","基特加","기테가","ブルンジ",true,29.925,-3.428333,1691,2006,236920,2313335,766812,1724084,602178,""
"ギーザ","Giza","吉萨","기자","エジプト",false,31.2118,29.987,33,2023,4458135,349934,144514,502418,332043,""
"光州","Gwangju","光州","광주","大韓民国",false,126.848611,35.165278,20,2023,1419237,54091,323128,108021,6085,"クァンジュ"
"クアラルンプール","Kuala Lumpur","吉隆坡","쿠알라룸푸르","マレーシア",true,101.695278,3.147778,33,2021,1768000,93601,16854,49722,10991,""
"クウェート","Kuwait City","科威特城","쿠웨이트시티","クウェート",true,47.978333,29.369722,12,2005,32500,285285,57021,282198,55194,""
"クエッタ","Quetta","奎達","퀘타","パキスタン",false,67,30.183333,1686,2015,3596090,712900,93764,295178,39394,""
"クマシ","Kumasi","库马西","쿠마시","ガーナ",false,-1.625,6.7,260,2013,2069350,1148074,417498,264404,51899,""
"クラスノヤルスク","Krasnoyarsk","克拉斯諾亞爾斯克","크라스노야르스크","ロシア",false,92.871944,56.008889,156,2020,1093771,185100,72233,290916,35336,""
"クリチバ","Curitiba","库里蒂巴","쿠리치바","ブラジル",false,-49.271111,-25.429722,910,2021,1963726,413200,439002,612124,131093,""
"昆明","Kunming","昆明","쿤밍","中華人民共和国",false,102.7094,25.0464,1905,2020,8460000,194527,197181,824,80206,"クンミン"
"広安","Guang'an","广安","광안","中華人民共和国",false,106.6326,30.4564,313,2004,4530000,1285902,4042590,100297,362450,"グァンアン"
"グアダラハラ","Guadalajara","瓜达拉哈拉","과달라하라","メキシコ",false,-103.3475,20.676667,1550,2008,1579174,444796,73209,30932,238991,""
"グアテマラシティ","Guatemala City","瓜地馬拉市","과테말라시티","グアテマラ",true,-90.513333,14.641667,1500,2020,994938,201347,11874,171477,1854,""
"グアヤキル","Guayaquil","瓜亞基爾","과야킬","エクアドル",false,-79.8875,-2.19,5,2019,2698077,241021,215586,602041,170207,""
"グアルーリョス","Guarulhos","瓜鲁柳斯","구아룰류스","ブラジル",false,-46.532778,-23.462778,774,2020,1392121,1596413,1035076,1212329,135930,""
"広州","Guangzhou","广州","광저우","中華人民共和国",false,113.26,23.13,20,2018,14904400,141281,12537,1329,42128,"グアンヂョウ"
"貴港","Guigang","贵港","구이강","中華人民共和国",false,109.599,23.112,47,2006,4740000,1331342,4230349,87713,374379,"グエガン"
"グジュラーンワーラー","Gujranwala","古杰兰瓦拉","구지란왈라","パキスタン",false,74.19,32.156667,229,2015,2723009,715905,398890,1282649,698467,""
"グスタビア","Gustavia","居斯塔维亚","귀스타비아","サン・バルテルミー島",true,-62.850556,17.897908,0,2012,2670,704511,5385390,1086682,1186161,""
"グラスゴー","Glasgow","格拉斯哥","글래스고","イギリス",false,-4.25,55.861111,22,2019,633120,70120,68736,79236,75849,""
"グワーリヤル","Gwalior","瓜廖尔","괄리오르","インド",false,78.1775,26.2125,214,2011,1160276,660045,184666,2804908,695009,""
"ケソン","Quezon City","奎松市","케손시티","フィリピン",false,121.0475,14.65,48,2020,2960048,210221,284223,538382,115316,""
"ケルン","Cologne","科隆","쾰른","ドイツ",false,6.952778,50.936389,70,2023,1087353,29273,6187,21825,40914,""
"ケープタウン","Cape Town","開普敦","케이프타운","南アフリカ",false,18.423889,-33.925278,22,2000,3776000,123174,6653,261509,364391,""
"貴陽","Guiyang","贵阳","구이양","中華人民共和国",false,106.63,26.647,1277,2003,3450000,199042,356195,4720,291799,"コイヤン"
"神戸","Kobe","神户","고베","日本",false,135.195556,34.69,15,2024,1492017,13823,59056,82614,26989,"コウベ"
"コックバーンタウン","Cockburn Town","科伯恩城","코번타운","タークス・カイコス諸島",true,-71.139,21.459,6,2011,3700,704472,642163,1086662,733797,""
"コトヌー","Cotonou","科托努","코토누","ベナン",false,2.433333,6.366667,10,2019,679012,639012,56647,294868,441769,""
"コナクリ","Conakry","科納克里","코나크리","ギニア",true,-13.712222,9.509167,15,2013,1660973,285286,56638,293230,51650,""
"コペンハーゲン","Copenhagen","哥本哈根","코펜하겐","デンマーク",true,12.568333,55.676111,4,2022,809314,138112,5166,20433,22781,""
"コルカタ","Kolkata","加尔各答","콜카타","インド",false,88.37,22.5675,8,2011,4496694,50611,47905,38205,38798,""
"コルドバ","Córdoba","科尔多瓦","코르도바","アルゼンチン",false,-64.183333,-31.416667,394,2000,1329604,661859,241269,469768,324275,""
"コロンボ","Colombo","可倫坡","콜롬보","スリランカ",false,79.842778,6.934444,48,2011,752993,361962,56636,69922,54772,""
"コンヤ","Konya","科尼亞","콘야","トルコ",false,32.483333,37.866667,1032,2009,1220795,96041,189954,1236239,331663,""
"コーター","Kota","科塔","코타","インド",false,75.83,25.18,230,2011,1001694,1745548,1324777,2931673,692613,""
"コーヤンブットゥール","Coimbatore","哥印拜陀","코임바토르","インド",false,76.963333,11.000833,416,2011,1601438,562538,186096,730945,682682,""
"ゴイアニア","Goiânia","戈亚尼亚","고이아니아","ブラジル",false,-49.25,-16.666667,736,2020,1536097,733017,472987,730424,132269,""
"ゴム","Qom","库姆","곰","イラン",false,50.876389,34.64,935,2016,1201158,197413,638742,1107702,148269,""
"さいたま","Saitama","埼玉","사이타마","日本",false,139.645556,35.861389,17,2001,1351633,1438959,6792822,77338,27017,"サイタマ"
"サイパン","Saipan","塞班岛","사이판섬","北マリアナ諸島",true,145.75,15.183333,236,-1,58000,185725,200221,105542,107269,""
"札幌","Sapporo","札幌","삿포로","日本",false,141.354444,43.061944,22,2024,1955785,2076985,6792879,104874,26990,"サッポロ"
"サナア","Sanaa","萨那","사나","イエメン",true,44.206389,15.348333,2258,2023,3292497,193036,18691665,294997,55065,""
"サポパン","Zapopan","萨波潘","사포판","メキシコ",false,-103.4,20.716667,1554,2020,1476491,1627363,2107760,708355,1339219,""
"サマーラ","Samara","薩馬拉","사마라","ロシア",false,50.140833,53.202778,115,2020,1156659,184973,72796,486794,35515,""
"サラエヴォ","Sarajevo","塞拉耶佛","사라예보","ボスニア・ヘルツェゴビナ",true,18.413056,43.856389,537,2011,311161,20148,26786,113236,36063,""
"サルヴァドール","Salvador","萨尔瓦多","사우바도르","ブラジル",false,-38.476667,-12.974722,21,2020,2886698,401573,3715871,146030,132899,""
"サンアントニオ","San Antonio","圣安东尼奥","샌안토니오","アメリカ",false,-98.493889,29.425,204,2020,1434625,173169,53848,266012,100507,""
"サンクトペテルブルク","Saint Petersburg","圣彼得堡","상트페테르부르크","ロシア",false,30.308611,59.9375,17,2021,5601911,4662,24320051,21031,200770,""
"サンゴンサロ","São Gonçalo","聖貢薩洛","상곤살루","ブラジル",false,-43.053889,-22.826944,21,2016,1091737,1766800,8858721,2867775,325759,""
"サンサルバドル","San Salvador","聖薩爾瓦多","산살바도르","エルサルバドル",true,-89.191389,13.698889,674,2016,247959,318285,57631,172923,37411,""
"サンタ・クルス","Santa Cruz de la Sierra","圣克鲁斯-德拉谢拉","산타크루스데라시에라","ボリビア",false,-63.183333,-17.8,423,2021,1867673,118901,673987,530291,232149,""
"サンティアゴ","Santiago","圣地亚哥","산티아고","チリ",true,-70.65,-33.4375,573,2017,5613962,318302,51572,106000,13823,""
"サンディエゴ","San Diego","聖地牙哥","샌디에고","アメリカ",false,-117.1625,32.715,17,2020,1386932,42163,28504,182671,99893,""
"サントドミンゴ","Santo Domingo","聖多明哥","산토도밍고","ドミニカ共和国",true,-69.95,18.466667,49,2010,965040,142423,57638,148475,46270,""
"サントメ","São Tomé","圣多美","상투메","サントメ・プリンシペ",true,6.730556,0.336111,8,2015,67000,45022,293236,556986,53532,""
"サンノゼ","San Jose","聖荷西","산호세","アメリカ",false,-121.890556,37.336111,53,2014,1015785,34616,53446,128122,100509,""
"サンパウロ","São Paulo","聖保羅","상파울루","ブラジル",false,-46.633333,-23.55,759,2016,12038175,103900,390875,37625,89646,""
"サンピエール","Saint-Pierre","圣皮埃尔","생피에르","サンピエール島・ミクロン島",true,-56.173611,46.781667,14,2014,5618,1931533,2423666,1199835,51710,""
"サンフアン","San Juan","圣胡安","산후안","プエルトリコ",true,-66.063889,18.406389,11,2020,342259,451796,57872,729434,30232,""
"サンホセ","San José","聖荷西","산호세","コスタリカ",true,-84.08,9.9325,1177,2015,333981,272858,219665,184823,33867,""
"サンマリノ","City of San Marino","聖馬力諾市","산마리노","サンマリノ",true,12.4473,43.9346,654,2013,4127,290374,406962,628438,49311,""
"サン・ルイス","São Luís","圣路易斯","상루이스","ブラジル",false,-44.3044,-2.5283,25,2020,1108975,1308111,354405,730436,403917,""
"サン＝ドニ","Saint-Denis","圣但尼","생드니","レユニオン",true,55.4481,-20.8789,37,2020,145238,789949,330691,527245,630406,""
"棗荘","Zaozhuang","枣庄","짜오좡","中華人民共和国",false,117.3238,34.8109,98,2004,3650000,1172509,1619854,9845,305595,"ザオヂュアン"
"ザグレブ","Zagreb","萨格勒布","자그레브","クロアチア",true,15.9775,45.813056,129,2011,792875,29422,55906,258555,30236,""
"シウダー・フアレス","Ciudad Juárez","華雷斯城","시우다드후아레스","メキシコ",false,-106.485,31.745,1130,2020,1501551,728100,92691,622905,106487,""
"深圳","Shenzhen","深圳","선전","中華人民共和国",false,114.0596,22.5415,5,2022,17661800,139391,83368,486,129520,"シェンヂェン"
"瀋陽","Shenyang","沈阳","선양","中華人民共和国",false,123.428056,41.8025,47,2020,9070000,26108,180264,6948,14173,"シェンヤン"
"シカゴ","Chicago","芝加哥","시카고","アメリカ",false,-87.627778,41.881944,232,2010,2695598,266,6886,21033,32194,""
"シドニー","Sydney","悉尼","시드니","オーストラリア",false,151.2,-33.866667,5,2021,5231147,128037,27862,3137,22886,""
"シムケント","Shymkent","奇姆肯特","심켄트","カザフスタン",false,69.595833,42.316667,510,2023,1184113,1881114,47777157,555305,183128,""
"商丘","Shangqiu","商丘","상추","中華人民共和国",false,115.656,34.415,54,2002,8310000,1344427,2135222,12731,351895,"シャンチュウ"
"汕頭","Shantou","汕头","산터우","中華人民共和国",false,116.682,23.354,6,2006,4971900,199180,268030,24816,298293,"シャントウ"
"上海","Shanghai","上海","상하이","中華人民共和国",false,121.474722,31.228611,2,2020,24870000,13164,27643,235,34805,"シャンハイ"
"廈門","Xiamen","厦门","샤먼","中華人民共和国",false,118.0889,24.4796,3,2019,4290000,73007,143881,12160,200751,"シャーメン"
"シャーロット・アマリー","Charlotte Amalie","夏洛特阿马利亚","샬럿아말리에","米領バージン諸島",true,-64.95,18.35,235,2010,10354,570342,57871,1421696,733799,""
"シュリーナガル","Srinagar","斯利那加","스리나가르","インド",false,74.79,34.09,1587,2011,1192792,657554,294148,280828,210873,""
"徐州","Xuzhou","徐州","쉬저우","中華人民共和国",false,117.186944,34.265,49,2012,9766600,31825,930120,18411,85977,"シューィヂョウ"
"シンガポール","Singapore","新加坡","싱가포르","シンガポール",true,103.833333,1.283333,16,2020,5850000,2121918,27318,247875,77754,""
"シンフェロポリ","Simferopol","辛菲罗波尔","심페로폴","クリミア共和国",true,34.102222,44.951944,245,2014,361980,852027,665276,470641,338306,""
"新北","New Taipei City","新北","신베이","中華民国",false,121.445833,25.011111,21,2019,4014560,210747,333440,20029,139351,"シンペイ"
"信陽","Xinyang","信阳","신양","中華人民共和国",false,114.091,32.149,110,2002,7800000,696414,2847477,12738,352010,"シンヤン"
"西安","Xi'an","西安","시안","中華人民共和国",false,108.942222,34.261111,411,2023,13078200,26248,81263,7536,13140,"シーアン"
"石家荘","Shijiazhuang","石家庄","스자좡","中華人民共和国",false,114.51,38.0425,106,2004,10784600,203643,412727,12729,293939,"シージャーズォアン"
"シーラーズ","Shiraz","設拉子","시라즈","イラン",false,52.5425,29.61,1533,2006,1204882,222985,39622,384256,218007,""
"ジェームズタウン","Jamestown","詹姆斯敦","제임스타운","セントヘレナ・アセンションおよびトリスタンダクーニャ",true,-5.718056,-15.924444,13,2014,625,705456,659317,1023513,325695,""
"ジッダ","Jeddah","吉达","지다","サウジアラビア",false,39.172778,21.543333,14,2014,3976000,536860,277718,215496,107850,""
"ジブチ","Djibouti City","吉布地市","지부티","ジブチ",true,43.148056,11.594444,11,2024,776966,44214,920729,295026,55084,""
"ジブラルタル","Gibraltar","直布罗陀","지브롤터","ジブラルタル",true,-5.35,36.14,89,2015,32194,88908,7607314,57864,162778,""
"ジャイプル","Jaipur","齋浦爾","자이푸르","インド",false,75.8,26.9,429,2005,3324319,537018,166537,489795,39402,""
"ジャカルタ","Jakarta","雅加达","자카르타","インドネシア",true,106.8275,-6.175,7,2020,10562088,8601,16275,40013,55078,""
"ジャバルプル","Jabalpur","贾巴尔普尔","자발푸르","インド",false,79.933333,23.166667,403,2001,1117200,624708,473219,1536097,681946,""
"ジュバ","Juba","朱巴","주바","南スーダン",true,31.5825,4.853889,507,2016,525953,1165666,1514879,713222,396730,""
"ジョージタウン","George Town","喬治敦","조지타운","ケイマン諸島",true,-81.381111,19.295,8,2015,40200,679526,494670,425423,310733,""
"ジョージタウン","Georgetown","乔治敦","조지타운","ガイアナ",true,-58.155,6.801111,1,2012,118363,221667,56702,318455,33872,""
"ジョードプル","Jodhpur","焦特布尔","조드푸르","インド",false,73.02,26.28,244,2014,1270000,657738,983053,902039,293777,""
"荊州","Jingzhou","荆州","징저우","中華人民共和国",false,112.2414,30.3363,40,2004,6470000,1003811,887453,2797,333808,"ジンヂョウ"
"済南","Jinan","济南","지난","中華人民共和国",false,117.0207,36.6702,31,2019,9200000,31824,250092,1146,82739,"ジーナン"
"済寧","Jining","济宁","지닝","中華人民共和国",false,116.5871,35.4151,42,2004,8022900,928215,1944463,10793,305336,"ジーニン"
"随州","Suizhou","随州","쑤이저우","中華人民共和国",false,113.382,31.69,76,2004,2580000,1345912,2932678,95427,354313,"スイヂョウ"
"遂寧","Suining","遂宁","쑤이닝","中華人民共和国",false,105.593,30.533,282,2005,3770000,1285677,2135443,33766,360850,"スイニン"
"スクレ","Sucre","苏克雷","수크레","ボリビア",true,-65.26,-19.0475,2798,2012,284536,118894,43000,294878,38243,""
"スコピエ","Skopje","斯科普里","스코페","北マケドニア",true,21.431667,41.996111,245,2013,497900,51922,29618,15441,46290,""
"スタンリー","Stanley","斯坦利","스탠리","フォークランド諸島",true,-57.850556,-51.695,41,2012,2120,701008,191436,673461,733795,""
"ステパナケルト","Stepanakert","漢肯德","스테파나케르트","アルツァフ共和国",true,46.751944,39.815278,861,2024,8000,1878889,914180,766685,342918,""
"ストックホルム","Stockholm","斯德哥尔摩","스톡홀름","スウェーデン",true,18.068611,59.329444,8,2021,978770,9467,26741,38275,30228,""
"スバ","Suva","蘇瓦","수바","フィジー",true,178.4419,-18.1416,56,2017,93970,206897,42904,105540,55249,""
"スフミ","Sukhumi","苏呼米","수후미","アブハジア",true,41.016667,43,4,2011,62914,191885,4305442,408807,49994,""
"スマラン","Semarang","三寶壟","스마랑","インドネシア",false,110.4225,-6.99,6,2021,1901570,719538,1134311,398191,682971,""
"スラバヤ","Surabaya","泗水","수라바야","インドネシア",false,112.737778,-7.245833,2,2021,2972091,241973,212635,151767,89285,""
"スリ・ジャヤワルダナプラ・コッテ","Sri Jayawardenepura Kotte","斯里賈亞瓦德納普拉科特","스리자야와르데네푸라코테","スリランカ",true,79.887836,6.910833,8,2014,128000,93609,572195,899881,54767,""
"蘇州","Suzhou","苏州","쑤저우","中華人民共和国",false,120.619444,31.3,7,2011,10518700,31826,292011,1168,190985,"スーヂョウ"
"宿州","Suzhou","宿州","쑤저우","中華人民共和国",false,116.964,33.648,33,2016,6540500,1328037,2896168,46162,344908,"スーヂョウ"
"スーラト","Surat","苏拉特","수라트","インド",false,72.84,21.205,13,2011,4461026,598650,226715,215497,285231,""
"鄭州","Zhengzhou","郑州","정저우","中華人民共和国",false,113.684,34.764,98,2024,13008000,198053,288264,8352,289793,"ズェンヂョウ"
"淄博","Zibo","淄博","쯔보","中華人民共和国",false,118.055,36.8138,42,2017,4708400,467740,1619787,15428,112324,"ズーボー"
"資陽","Ziyang","资阳","쯔양","中華人民共和国",false,104.627,30.129,370,2004,3600000,1285745,2507054,95448,361727,"ズーヤン"
"仙台","Sendai","仙台","센다이","日本",false,140.869417,38.268222,63,2024,1095744,658605,329655,39025,27006,"センダイ"
"セントジョンズ","St. John's","圣约翰","세인트존스","アンティグア・バーブーダ",true,-61.85,17.116667,5,2012,23994,136305,28771,321518,46380,""
"セントジョージズ","St. George's","圣乔治","세인트조지스","グレナダ",true,-61.75,12.05,4,2013,3308,261464,57646,914346,51291,""
"セント・ピーター・ポート","Saint Peter Port","圣彼得港","세인트피터포트","ガーンジー",true,-2.5368,49.4555,18,2016,18798,814697,796861,3066094,478932,""
"セント・ヘリア","St Helier","圣赫利尔","세인트헬리어","ジャージー",true,-2.11,49.185833,11,2011,33522,2831225,356081,3066099,488927,""
"ソウル","Seoul","首爾","서울","大韓民国",true,126.983333,37.566667,27,2023,9386034,255677,19159283,5799092,259,""
"ソフィア","Sofia","索菲亞","소피아","ブルガリア",true,23.333333,42.7,545,2024,1286965,57043,57644,113022,19801,""
"泰安","Tai'an","泰安","타이안","中華人民共和国",false,117.087,36.202,175,2004,5499000,928373,1699444,10792,112322,"タイアン"
"台中","Taichung","臺中","타이중","中華民国",false,120.679444,24.143889,91,2021,2816393,210764,296151,1055152,71305,"タイチョン"
"台州","Taizhou","台州","타이저우","中華人民共和国",false,121.4208,28.6557,14,2021,6661000,1318048,1834307,45443,298875,"タイヂョウ"
"台南","Tainan","臺南","타이난","中華民国",false,120.183333,22.983333,2,2022,1851483,92432,23026062,1077670,67654,"タイナン"
"台北","Taipei","臺北","타이베이","中華民国",true,121.5625,25.0375,10,2024,2511291,20964,57648,748590,30233,"タイペイ"
"太原","Taiyuan","太原","타이위안","中華人民共和国",false,112.5497,37.8704,799,2004,5304100,55444,401079,13063,88209,"タイユアン"
"桃園","Taoyuan","桃園","타오위안","中華民国",false,121.314328,24.991278,147,2022,2262765,275093,715796,26341,494896,"タオユェン"
"タシュケント","Tashkent","塔什干","타슈켄트","ウズベキスタン",true,69.279722,41.311111,450,2019,2197907,46335,57533,275590,43127,""
"タブリーズ","Tabriz","大不里士","타브리즈","イラン",false,46.299167,38.081667,1397,2016,1558693,226361,439791,101329,619861,""
"タラワ","Tarawa","塔拉瓦环礁","타라와","キリバス",true,173,1.333333,0,2008,40311,93142,845640,400686,55220,""
"タリン","Tallinn","塔林","탈린","エストニア",true,24.745278,59.437222,20,2023,453864,28614,31577,91988,13383,""
"タンゲラン","Tangerang","丹格朗","탕에랑","インドネシア",false,106.640278,-6.170278,14,2021,2397447,1537340,1360952,2940937,314915,""
"唐山","Tangshan","唐山","탕산","中華人民共和国",false,118.173889,39.629444,35,2019,7964200,361636,478443,12719,305638,"タンシャン"
"ターネー","Thane","塔那","타네","インド",false,72.972222,19.197222,23,2001,1261517,598666,168967,503436,685341,""
"ダカール","Dakar","達喀爾","다카르","セネガル",true,-17.446667,14.692778,16,2017,2098648,135002,44251,210387,46363,""
"ダグラス","Douglas","道格拉斯","더글러스","マン島",true,-4.4775,54.15,7,2011,27938,439157,368553,853355,338940,""
"ダッカ","Dhaka","达卡","다카","バングラデシュ",true,90.415278,23.804167,24,2011,8906035,37030,56656,23761,52570,""
"ダバオ","Davao City","达沃市","다바오","フィリピン",false,125.6,7.07,42,2010,1449296,211965,489401,556541,501226,""
"ダブリン","Dublin","都柏林","더블린","アイルランド",true,-6.260278,53.35,6,2016,1173179,10282,8504,71093,12811,""
"ダマスカス","Damascus","大马士革","다마스쿠스","シリア",true,36.309444,33.513056,688,2008,1603368,252474,8914,132235,46371,""
"ダラス","Dallas","達拉斯","댈러스","アメリカ",false,-96.808889,32.779167,129,2020,1304379,25572,53838,243789,100508,""
"ダルエスサラーム","Dar es Salaam","达累斯萨拉姆","다르에스살람","タンザニア",false,39.280278,-6.816111,32,2015,5383728,68681,8500,288590,71270,""
"ダンバード","Dhanbad","丹巴德","단바드","インド",false,86.4305,23.7998,232,2011,1162472,657490,973241,1886297,690921,""
"大慶","Daqing","大庆","다칭","中華人民共和国",false,125.104,46.589,152,2021,2747000,209879,638354,12688,240513,"ダーチン"
"大同","Datong","大同","다퉁","中華人民共和国",false,113.367,40.097,1049,2008,2848000,95321,489847,99210,110196,"ダートン"
"大連","Dalian","大连","다롄","中華人民共和国",false,121.6,38.9,48,2012,5833700,84079,250109,3493,52138,"ダーリエン"
"チェリャビンスク","Chelyabinsk","車里雅賓斯克","첼랴빈스크","ロシア",false,61.375833,55.154722,249,2021,1189525,192512,244749,497583,41352,""
"チェンナイ","Chennai","金奈","첸나이","インド",false,80.275,13.0825,19,2011,7088000,126536,45139,109098,144838,""
"斉斉哈爾","Qiqihar","齐齐哈尔","치치하얼","中華人民共和国",false,123.9182,47.3549,153,2020,4067500,208095,763232,8240,65162,"チチハル"
"チッタゴン","Chittagong","吉大港市","치타공","バングラデシュ",false,91.8325,22.335,24,2011,3720437,189568,380451,215495,292443,""
"長沙","Changsha","长沙","창사","中華人民共和国",false,112.939,28.228,114,2022,10420600,203710,203299,4664,290330,"チャンシャー"
"湛江","Zhanjiang","湛江","잔장","中華人民共和国",false,110.3575,21.2701,16,2021,7030900,173520,612392,72248,304058,"チャンジァン"
"常徳","Changde","常德","창더","中華人民共和国",false,111.699,29.031,39,2020,5280000,188648,3236506,5327,310641,"チャンダー"
"長春","Changchun","长春","창춘","中華人民共和国",false,125.326,43.897,246,2022,9087000,24962,250126,1322,103225,"チャンチュン"
"常州","Changzhou","常州","창저우","中華人民共和国",false,119.974,31.811,16,2010,4120000,19462,1818912,17407,304010,"チャンヂョウ"
"チュニス","Tunis","突尼斯市","튀니스","チュニジア",true,10.181667,36.806389,9,2014,747240,229815,57659,43370,48133,""
"泉州","Quanzhou","泉州","취안저우","中華人民共和国",false,118.6757,24.8744,7,2017,8650000,180458,503737,16623,304050,"チュワンヂョウ"
"欽州","Qinzhou","钦州","친저우","中華人民共和国",false,108.654,21.981,13,2004,3430000,1331290,1804354,149428,374368,"チンジョウ"
"青島","Qingdao","青岛","칭다오","中華人民共和国",false,120.3827,36.0669,18,2021,10256700,136949,250171,3254,67995,"チンダオ"
"赤峰","Chifeng","赤峰","츠펑","中華人民共和国",false,118.8825,42.255,586,2020,4036000,94335,1674149,42828,65022,"チーフォン"
"吉林","Jilin City","吉林","지린","中華人民共和国",false,126.5497,43.8381,214,2007,4524000,207979,894692,12694,86405,"ヂーリン"
"成都","Chengdu","成都","청두","中華人民共和国",false,104.063333,30.66,495,2017,16074700,1867252,170375,2847,50003,"ツェンドゥー"
"重慶","Chongqing","重庆","충칭","中華人民共和国",false,106.5504,29.5637,252,2019,32054000,1752528,171752,465,34807,"ツォンチン"
"ツヒンヴァリ","Tskhinvali","茨欣瓦利","츠힌발리","南オセチア",true,43.97,42.225,880,2010,30432,192117,513878,434075,51209,""
"自貢","Zigong","自贡","쯔궁","中華人民共和国",false,104.779,29.339,328,2012,3284600,212442,1857050,33762,326484,"ツーゴン"
"天水","Tianshui","天水","톈수이","中華人民共和国",false,105.7248,34.5815,1174,2004,3500000,459494,1660540,96868,294572,"ティエンシュイ"
"天津","Tianjin","天津","톈진","中華人民共和国",false,117.2054,39.1336,19,2020,13860000,1351817,50821,467,34809,"ティエンジン"
"ティフアナ","Tijuana","蒂華納","티후아나","メキシコ",false,-117.033333,32.525,38,2020,1922523,222958,101739,557166,14120,""
"ティラスポリ","Tiraspol","蒂拉斯波尔","티라스폴","沿ドニエストル共和国",true,29.643333,46.840278,37,2023,127282,478459,99484,188460,69129,""
"ティラナ","Tirana","地拉那","티라나","アルバニア",true,19.818611,41.327222,108,2015,421286,25187,31075,147918,54318,""
"ティンプー","Thimphu","廷布","팀부","ブータン",true,89.636111,27.472222,2338,2017,114551,25196,57658,59478,15693,""
"大邱","Daegu","大邱","대구","大韓民国",false,128.601667,35.871667,74,2023,2374960,23752,323135,84033,707,"テグ"
"テグシガルパ","Tegucigalpa","特古西加尔巴","테구시갈파","ホンジュラス",true,-87.204722,14.105833,939,2013,1157509,135012,25994100,171488,31762,""
"大田","Daejeon","大田","대전","大韓民国",false,127.385,36.35,59,2023,1442216,89016,284812,113205,6092,"テジョン"
"テヘラン","Tehran","德黑兰","테헤란","イラン",true,51.389722,35.688889,1169,2016,8693706,13401,57654,108389,14685,""
"ディリ","Dili","帝力","딜리","東ティモール",true,125.578333,-8.553611,3,2002,324269,93594,49251,3128,51983,""
"デリー","Delhi","德里","델리","インド",true,77.23,28.61,213,2011,16787941,252544,37756,269063,55076,""
"東京","Tokyo","東京","도쿄","日本",true,139.766667,35.683333,43,2024,14200331,774362,30057,21696,826,"トウキョウ"
"トビリシ","Tbilisi","第比利斯","트빌리시","ジョージア",true,44.7925,41.7225,435,2014,1108017,32069,42298,5422,43483,""
"トリポリ","Tripoli","的黎波里","트리폴리","リビア",true,13.191389,32.887222,18,2023,1183000,81432,31232,282191,46279,""
"トロント","Toronto","多伦多","토론토","カナダ",false,-79.386667,43.670278,118,2016,2731571,20061,64646,3132,32020,""
"トースハウン","Tórshavn","托爾斯港","토르스하운","フェロー諸島",true,-6.7675,62.011667,35,2007,19000,563770,43979,388256,49381,""
"ドゥアラ","Douala","杜阿拉","두알라","カメルーン",false,9.7,4.05,20,2016,2948464,172058,19997263,482464,325870,""
"ドゥシャンベ","Dushanbe","杜尚别","두샨베","タジキスタン",true,68.78,38.536667,769,2022,1201800,71833,56658,73601,44954,""
"ドドマ","Dodoma","多多马","도도마","タンザニア",true,35.741944,-6.173056,1120,2015,765179,46983,56657,294975,248057,""
"ドネツィク","Donetsk","頓涅茨克","도네츠크","ドネツク人民共和国",true,37.805278,48.002778,194,2011,975959,380641,562951,361113,47833,""
"ドバイ","Dubai","杜拜","두바이","アラブ首長国連邦",false,55.297222,25.263056,12,2019,3310022,47314,211583,226957,34778,""
"ドーハ","Doha","多哈","도하","カタール",true,51.533333,25.286667,7,2019,2400000,110550,26214389,285349,14713,""
"ナイロビ","Nairobi","奈洛比","나이로비","ケニア",true,36.817222,-1.286389,1668,2019,4397073,102706,21482,64856,2436,""
"名古屋","Nagoya","名古屋","나고야","日本",false,136.9,35.183333,13,2024,2332369,8587,61720,39167,26964,"ナゴヤ"
"ナッソー","Nassau","拿骚","나소","バハマ",true,-77.350278,25.044167,6,2012,274400,265320,21871,318735,33604,""
"ナビムンバイ","Navi Mumbai","新孟買","나비뭄바이","インド",false,73.02,19.02,6,2011,1119477,1622237,867750,2931634,691302,""
"南京","Nanjing","南京","난징","中華人民共和国",false,118.778889,32.060833,17,2016,8230000,252553,21791,2980,13170,"ナンジン"
"南昌","Nanchang","南昌","난창","中華人民共和国",false,115.858,28.683,16,2020,6255000,198255,386882,13048,299186,"ナンチャン"
"南充","Nanchong","南充","난충","中華人民共和国",false,106.1106,30.8372,336,2005,7260000,1285814,2115374,1213146,361970,"ナンチョン"
"南寧","Nanning","南宁","난닝","中華人民共和国",false,108.3275,22.8167,78,2015,7400000,197978,412721,4378,304065,"ナンニン"
"南陽","Nanyang","南阳","난양","中華人民共和国",false,112.5285,32.9902,132,2005,10900000,311413,464885,6893,103966,"ナンヤン"
"ナーグプル","Nagpur","那格浦尔","나그푸르","インド",false,79.080556,21.149722,315,2011,2405421,598674,460979,503602,331675,""
"ナーシク","Nashik","纳西克","나시크","インド",false,73.789806,19.9975,586,2005,1364000,598679,746126,885284,685441,""
"ニアメ","Niamey","尼亞美","니아메","ニジェール",true,2.108889,13.513611,204,2011,1302910,102286,57061,134753,51771,""
"ニコシア","Nicosia","尼科西亚","니코시아","[""キプロス"",""北キプロス・トルコ共和国""]",true,33.365,35.1725,144,2011,310355,26440,57064,295160,47002,""
"ニジニ・ノヴゴロド","Nizhny Novgorod","下诺夫哥罗德","니즈니노브고로드","ロシア",false,44.0075,56.326944,143,2021,1226076,65008,65430,113048,35590,""
"ニューヨーク","New York City","纽约","뉴욕","アメリカ",false,-74.006111,40.712778,26,2020,8804190,507175,645042,3136,11361,""
"寧波","Ningbo","宁波","닝보","中華人民共和国",false,121.6245,29.8603,8,2012,7639000,175356,250022,10997,73893,"ニンポー"
"ヌアクショット","Nouakchott","努瓦克肖特","누악쇼트","モーリタニア",true,-15.9725,18.085278,8,2014,958399,155091,51592,287892,46302,""
"ヌクアロファ","Nukuʻalofa","努库阿洛法","누쿠알로파","トンガ",true,-175.2,-21.133333,6,2011,24229,265323,57356,184737,50954,""
"ヌクノノ","Nukunonu","努庫諾努環礁","누쿠노누","トケラウ",true,-171.809722,-9.168333,0,2006,426,382702,1321226,1814949,1253149,""
"ヌメア","Nouméa","努美阿","누메아","ニューカレドニア",true,166.458,-22.2758,4,2015,97579,658177,413525,703716,73243,""
"ヌーク","Nuuk","努克","누크","グリーンランド",true,-51.736111,64.176667,28,2024,19872,370440,53303,71688,51323,""
"内江","Neijiang","内江","네이장","中華人民共和国",false,105.058,29.5802,345,2005,4200000,1285725,2506634,75348,361707,"ネイジャン"
"ネサワルコヨトル","Ciudad Nezahualcóyotl","内萨瓦尔科约特尔城","네사우알코요틀","メキシコ",false,-99.018611,19.408056,2230,2020,1077208,1627888,14596432,1262733,670208,""
"ネピドー","Naypyidaw","奈比多","네피도","ミャンマー",true,96.115,19.7475,122,2014,1158000,946174,2270051,181587,71577,""
"ノヴォシビルスク","Novosibirsk","新西伯利亚","노보시비르스크","ロシア",false,82.95,55.05,168,2024,1633851,181881,63065,112529,35591,""
"ハイデラバード","Hyderabad","海得拉巴","하이데라바드","パキスタン",false,68.368333,25.379167,20,2015,3429471,715957,288090,729226,694391,""
"ハイデラバード","Hyderabad","海得拉巴","하이데라바드","インド",false,78.474722,17.361667,514,2011,6809970,544505,37534,21951,285235,""
"ハウラー","Howrah","豪拉","하우라","インド",false,88.329444,22.58,23,2023,1485000,599854,738499,2931651,696729,""
"ハガニア","Hagåtña","阿加尼亚","하갓냐","グアム",true,144.75,13.479167,0,2010,1051,258959,291342,271086,50416,""
"ハノイ","Hanoi","河內市","하노이","ベトナム",true,105.85,21,20,2019,8053663,252541,56667,100008,12357,""
"ハバナ","Havana","哈瓦那","아바나","キューバ",true,-82.358889,23.136667,30,2012,2106146,304922,49719,175701,11276,""
"ハボローネ","Gaborone","嘉柏隆里","가보로네","ボツワナ",true,25.912222,-24.658056,1012,2022,246325,333036,56664,98585,53340,""
"ハミルトン","Hamilton","哈密尔顿","해밀턴","バミューダ諸島",true,-64.781944,32.294167,25,2010,1010,575821,727735,1020765,515812,""
"ハラレ","Harare","哈拉雷","하라레","ジンバブエ",true,31.052222,-17.829167,1480,2013,1600000,189598,56680,294932,38322,""
"ハルキウ","Kharkiv","哈爾科夫","하르키우","ウクライナ",false,36.231111,49.9925,122,2020,1443207,191244,2788558,293778,53471,""
"ハルゲイサ","Hargeisa","哈尔格萨","하르게이사","ソマリランド",true,44.0675,9.563056,1268,2020,1960000,184871,864284,437087,51331,""
"ハルツーム","Khartoum","喀土穆","하르툼","スーダン",true,32.5,15.6,378,2013,2632481,125195,17320,56416,46367,""
"ハルビン","Harbin","哈尔滨","하얼빈","中華人民共和国",false,126.6409,45.7576,165,2019,10763000,23973,143373,3515,38755,""
"邯鄲","Handan","邯郸","한단","中華人民共和国",false,114.487,36.601,69,2021,9366900,359259,1375980,4616,304907,"ハンダン"
"杭州","Hangzhou","杭州","항저우","中華人民共和国",false,120.153,30.267,13,2019,10360000,54445,158185,4651,44288,"ハンヂョウ"
"ハンブルク","Hamburg","汉堡","함부르크","ドイツ",false,10,53.55,27,2022,1892122,28892,13467,65293,2019,""
"合肥","Hefei","合肥","허페이","中華人民共和国",false,117.2273,31.8206,35,2014,7696000,198304,144777,657,293797,"ハーフェイ"
"バクー","Baku","巴库","바쿠","アゼルバイジャン",true,49.882222,40.395278,14,2020,2293100,91921,4566,39389,46375,""
"バグダード","Baghdad","巴格达","바그다드","イラク",true,44.366111,33.315278,38,2020,7144000,13805,4492,22037,14686,""
"バサイ・ビラール","Vasai-Virar","瓦塞維拉爾","바사이 빌라","インド",false,72.8,19.47,1,2011,1221233,2772385,20399704,2931631,"",""
"バステール","Basse-Terre","巴斯特尔","바스테르","グアドループ",true,-61.7292,15.9958,22,2014,11534,699525,312857,1086677,56552,""
"バスラ","Basra","巴士拉","바스라","イラク",false,47.81,30.515,3,2017,2150000,62354,57580,23080,292521,""
"バセテール","Basseterre","巴斯特尔","바스테르","セントクリストファー・ネイビス",true,-62.733333,17.3,53,2013,14000,264879,56622,650686,167006,""
"バタム","Batam Island","巴淡島","바탐","インドネシア",false,104.053056,1.13,9,2016,1283000,1260293,716783,284207,"",""
"バチカン","Vatican City","梵蒂冈","바티칸 시국","バチカン市国",true,12.4525,41.9025,47,2020,615,3389,32408,5441,5759,""
"バマコ","Bamako","巴馬科","바마코","マリ",true,-8.002778,12.639167,329,2014,1809106,253122,56606,260502,50257,""
"バランキージャ","Barranquilla","巴兰基亚","바랑키야","コロンビア",false,-74.801944,10.983333,62,2018,1274250,725250,452374,376315,232742,""
"バルセロナ","Barcelona","巴塞罗那","바르셀로나","スペイン",false,2.183333,41.383333,12,2014,1602386,2687,4443,22437,40531,""
"バレッタ","Valletta","瓦莱塔","발레타","マルタ",true,14.5125,35.898333,57,2016,5730,22076,57664,294996,52050,""
"バレー","The Valley","瓦利","더밸리","アンギラ",true,-63.051667,18.220833,15,2011,1067,404826,1391565,1086624,55001,""
"バンガロール","Bengaluru","班加羅爾","벵갈루루","インド",false,77.591667,12.978889,922,2011,8425970,456402,44275267,163957,125667,""
"バンギ","Bangui","班基","방기","中央アフリカ",true,18.562778,4.373333,353,2021,812407,208239,56617,294131,49709,""
"バンコク","Bangkok","曼谷","방콕","タイ",true,100.494167,13.7525,15,2010,8249117,67666,56615,3135,34883,""
"バンジュール","Banjul","班竹","반줄","ガンビア",true,-16.578611,13.458056,8,2014,34828,264627,69666,193200,46218,""
"バンダルスリブガワン","Bandar Seri Begawan","斯里巴加湾市","반다르스리브가완","ブルネイ",true,114.942222,4.890278,7,2002,27285,93584,56611,275583,53343,""
"バンダールランプン","Bandar Lampung","班達楠榜","반다르람풍","インドネシア",false,105.266667,-5.45,5,2014,1167101,1779009,1699447,1170175,683640,""
"バンドン","Bandung","萬隆","반둥","インドネシア",false,107.6097,-6.912,721,2021,2606850,306746,353661,22735,176324,""
"巴中","Bazhong","巴中","바중","中華人民共和国",false,106.748,31.868,455,2004,3600000,1286002,4056630,95446,362625,"バーヂョン"
"バーミンガム","Birmingham","伯明翰","버밍엄","イギリス",false,-1.9025,52.48,139,2019,1140000,83569,13882056,246973,75851,""
"包頭","Baotou","包头","바오터우","中華人民共和国",false,109.9532,40.6213,1066,2023,2761700,395076,1149172,2421,60549,"パオトウ"
"パゴパゴ","Pago Pago","帕果帕果","팡오팡오","米領サモア",true,-170.704444,-14.273889,11,2010,3656,470406,57874,527373,386312,""
"パトナ","Patna","巴特那","파트나","インド",false,85.137553,25.594034,57,2011,1683200,601005,18691354,461487,211578,""
"パナマ","Panama City","巴拿馬城","파나마시티","パナマ",true,-79.534722,8.971111,31,2013,880691,318933,57361,113304,35381,""
"パペーテ","Papeete","帕皮提","파페에테","フランス領ポリネシア",true,-149.5696,-17.535,0,2012,25769,705423,488952,558083,72484,""
"パラマリボ","Paramaribo","帕拉马里博","파라마리보","スリナム",true,-55.203889,5.852222,5,2012,240924,260581,57370,306972,54764,""
"パリ","Paris","巴黎","파리","フランス",true,2.352222,48.856667,58,2010,2244000,31,22989,2740,7567,""
"パリキール","Palikir","帕利基尔","팔리키르","ミクロネシア",true,158.158889,6.917222,87,2010,6647,318980,99394,156295,52086,""
"パレンバン","Palembang","巨港","팔렘방","インドネシア",false,104.755556,-2.986111,10,2021,1753269,135823,204226,202270,607574,""
"パース","Perth","珀斯","퍼스","オーストラリア",false,115.8597,-31.9558,40,2018,2059484,181622,24355,147948,248095,""
"ヒューストン","Houston","休斯敦","휴스턴","アメリカ",false,-95.383056,29.762778,9,2020,2304580,18551,13774,6055,100499,""
"広島","Hiroshima","廣島","히로시마","日本",false,132.451944,34.391389,3,2024,1179585,1417657,59062,142829,20988,"ヒロシマ"
"ビサウ","Bissau","比绍","비사우","ギニアビサウ",true,-15.566667,11.85,0,2013,492004,353699,56629,377036,51140,""
"ビシュケク","Bishkek","比什凯克","비슈케크","キルギス",true,74.612222,42.874722,763,2016,984000,221530,4554,5860,49980,""
"畢節","Bijie","毕节","비제","中華人民共和国",false,105.292,27.284,1496,2003,7121700,1288149,16194867,96638,300731,"ビージェー"
"平壌","Pyongyang","平壤","평양","朝鮮民主主義人民共和国",true,125.7475,39.016667,18,2019,3060900,11056,47948,3129,11904,"ピョンヤン"
"ピンプリ・チンチワッド","Pimpri-Chinchwad","賓布里-金傑沃德","핌프리친치와드","インド",false,73.803731,18.618622,573,2001,1006417,1543058,1521969,2931613,690660,""
"ファイサラーバード","Faisalabad","费萨拉巴德","파이살라바드","パキスタン",false,73.091111,31.416667,186,2017,3203846,702620,401880,1004278,331668,""
"淮南","Huainan","淮南","화이난","中華人民共和国",false,117.0194,32.6314,39,2006,3824000,1327093,2099531,42829,343858,"ファイナン"
"ファドゥーツ","Vaduz","瓦都茲","파두츠","リヒテンシュタイン",true,9.522222,47.140556,462,2021,5747,45017,59036,35423,3461,""
"ファリーダーバード","Faridabad","法里達巴德","파리다바드","インド",false,77.3078,28.4211,203,2001,2193276,651539,1180794,2931626,687085,""
"フィラデルフィア","Philadelphia","費城","필라델피아","アメリカ",false,-75.163611,39.952778,59,2020,1603797,38084,50585,214014,66522,""
"フィリップスブルフ","Philipsburg","菲利普斯堡","필립스뷔르흐","シント・マールテン",true,-63.0458,18.0237,7,2011,1327,576768,5570801,1086694,1186184,""
"フェズ","Fez","非斯","페스","モロッコ",false,-5.003333,34.043333,390,2004,965507,155213,39760328,1018199,333242,""
"フェニックス","Phoenix","鳳凰城","피닉스","アメリカ",false,-112.073889,33.448333,374,2020,1608139,174319,49121,114033,100754,""
"フォルタレザ","Fortaleza","福塔莱萨","포르탈레자","ブラジル",false,-38.5275,-3.7275,27,2021,2703391,2295677,11169,215501,133254,""
"フォール＝ド＝フランス","Fort-de-France","法兰西堡","포르드프랑스","マルティニーク",true,-61.066667,14.6,15,2014,85667,576704,254951,708253,51713,""
"福岡","Fukuoka","福岡","후쿠오카","日本",false,130.401667,33.59,34,2024,1659098,1860772,61744,172240,13606,"フクオカ"
"フナフティ","Funafuti","富纳富提","푸나푸티","ツバル",true,179.2,-8.516667,6,2011,6716,102270,19359782,400677,55232,""
"呼和浩特","Hohhot","呼和浩特","후허하오터","中華人民共和国",false,111.749,40.842,1072,2015,3059600,1486075,261864,2235,49294,"フフホト"
"フライング・フィッシュ・コーブ","Flying Fish Cove","飞鱼湾","플라잉피시코브","クリスマス島",true,105.672778,-10.426111,21,2011,1347,807987,1493091,3327657,1287864,""
"フリータウン","Freetown","弗里敦","프리타운","シエラレオネ",true,-13.234444,8.484444,59,2015,1309000,248539,56661,235079,49708,""
"撫順","Fushun","抚顺","푸순","中華人民共和国",false,123.957,41.881,88,2015,2070000,496195,1516358,501,60562,"フーシュン"
"撫州","Fuzhou","抚州","푸저우","中華人民共和国",false,116.358,27.949,49,2004,3806000,1339564,2058882,46485,347559,"フーヂョウ"
"湖州","Huzhou","湖州","후저우","中華人民共和国",false,120.0875,30.8925,6,2019,3060000,1316261,1808775,12533,304586,"フーヂョウ"
"福州","Fuzhou","福州","푸저우","中華人民共和国",false,119.2964,26.0743,25,2018,8420000,187031,241002,8299,203343,"フーヂョウ"
"ブエノスアイレス","Buenos Aires","布宜諾斯艾利斯","부에노스아이레스","アルゼンチン",true,-58.381389,-34.603611,19,2022,3120612,2792,255919,73145,35026,""
"ブカレスト","Bucharest","布加勒斯特","부쿠레슈티","ルーマニア",true,26.103889,44.4325,79,2011,1677985,167472,36877,36952,30225,""
"ブダペスト","Budapest","布达佩斯","부다페스트","ハンガリー",true,19.051389,47.4925,107,2018,1752286,57319,36787,12391,2742,""
"ブラザヴィル","Brazzaville","布拉柴维尔","브라자빌","コンゴ",true,15.266667,-4.266667,309,2019,1838348,110545,52710,283332,10424,""
"ブラジリア","Brasília","巴西利亚","브라질리아","ブラジル",true,-47.882778,-15.793889,1089,2021,3094325,2870,4752,23020,18775,""
"ブラチスラヴァ","Bratislava","布拉迪斯拉发","브라티슬라바","スロバキア",true,17.109722,48.143889,157,2013,417389,117272,18933194,111030,30776,""
"ブリスベン","Brisbane","布里斯班","브리즈번","オーストラリア",false,153.028056,-27.467778,33,2013,2238394,97497,192093,146766,40330,""
"ブリッジタウン","Bridgetown","布里奇顿","브리지타운","バルバドス",true,-59.613056,13.096944,15,2012,89200,353716,56630,294680,52092,""
"ブリュッセル","City of Brussels","布鲁塞尔","브뤼셀시","ベルギー",true,4.3525,50.846667,31,2014,173540,2763841,575501,35572,14236,""
"ブルサ","Bursa","布尔萨","부르사","トルコ",false,29.05,40.183333,258,2021,3147818,193073,3450,291949,224781,""
"ブルームフォンテーン","Bloemfontein","布隆方丹","블룸폰테인","南アフリカ",false,26.216667,-29.116667,1393,2015,256185,372131,44552,274490,177285,""
"プエブラ","Puebla","普埃布拉","푸에블라","メキシコ",false,-98.183333,19.033333,2151,2000,1692181,730414,177755,1189011,410127,""
"プカンバル","Pekanbaru","北干巴魯","페칸바루","インドネシア",false,101.445278,0.509167,18,2014,1093416,1778794,773721,1170172,684086,""
"釜山","Busan","釜山","부산","大韓民国",false,129.075,35.18,30,2023,3293362,54111,68115,16892,5155,"プサン"
"プネー","Pune","浦那","푸네","インド",false,73.856667,18.520278,563,2011,3124458,2941,164634,215494,331670,""
"プノンペン","Phnom Penh","金边","프놈펜","カンボジア",true,104.921111,11.569444,18,2019,2129371,92959,51591,11803,55097,""
"プライア","Praia","培亞","프라이아","カーボベルデ",true,-23.509,14.918,33,2021,137868,208200,57397,156642,33316,""
"プラハ","Prague","布拉格","프라하","チェコ",true,14.421389,50.0875,198,2018,1324277,34866,23844,64458,30234,""
"プリシュティナ","Pristina","普里什蒂纳","프리슈티나","コソボ",true,21.162222,42.663333,596,2011,198214,658241,15839892,482816,171046,""
"プリマス","Plymouth","普利茅斯","플리머스","モントセラト",true,-62.215839,16.706417,40,-1,0,570926,376904,1086651,515785,""
"プレトリア","Pretoria","比勒陀利亞","프리토리아","南アフリカ",true,28.188056,-25.746111,1321,2000,525387,301113,25002,271042,46267,""
"ヘルシンキ","Helsinki","赫尔辛基","헬싱키","フィンランド",true,24.9375,60.170833,23,2023,674500,41492,13696,37170,29515,""
"ベイルート","Beirut","贝鲁特","베이루트","レバノン",true,35.505833,33.898056,23,2014,361366,38704,37428,88579,46272,""
"ベオグラード","Belgrade","贝尔格莱德","베오그라드","セルビア",true,20.456944,44.817778,128,2006,1756534,125083,55904,145451,11774,""
"ベルモパン","Belmopan","貝爾墨潘","벨모판","ベリーズ",true,-88.763889,17.252222,64,2015,25583,332261,56626,170710,52653,""
"ベルリン","Berlin","柏林","베를린","ドイツ",true,13.405,52.52,44,2019,3669491,1974854,3354,3472,95091,""
"ベルン","Bern","伯尔尼","베른","スイス",true,7.4475,46.948056,555,2015,140567,34188,49749,280289,54333,""
"ベレン","Belém","贝伦","벨렝","ブラジル",false,-48.503889,-1.455833,14,2020,1499641,726839,409573,677802,131185,""
"ベロオリゾンテ","Belo Horizonte","贝洛奥里藏特","벨루오리존치","ブラジル",false,-43.933333,-19.916667,846,2007,2412937,226416,82198,215493,120501,""
"北京","Beijing","北京","베이징","中華人民共和国",true,116.3975,39.906667,45,2022,21843000,6025,18603746,463,13144,"ペキン"
"ペシャーワル","Peshawar","白沙瓦","페샤와르","パキスタン",false,71.5675,34.014444,325,2017,1970042,714060,66230,47425,39396,""
"ペルミ","Perm","彼尔姆","페름","ロシア",false,56.316667,58,126,2023,1027153,185135,389777,538679,46422,""
"淮安","Huai'an","淮安","화이안","中華人民共和国",false,119.113,33.551,11,2021,4556000,1325019,427390,45356,304031,"ホァイアン"
"ホニアラ","Honiara","霍尼亚拉","호니아라","ソロモン諸島",true,159.955556,-9.431944,6,2019,130176,265331,23868731,286749,54759,""
"香港","Hong Kong","香港","홍콩","香港",true,114.2,22.3,0,2019,7524100,1607313,13404,247430,13747,"ホンコン"
"ホーチミン","Ho Chi Minh City","胡志明","호찌민","ベトナム",false,106.701944,10.775556,2,2019,8993082,24291,66956,6393,14687,""
"菏沢","Heze","菏泽","허쩌","中華人民共和国",false,115.4796,35.2343,60,2003,8740000,1340871,1829330,24823,305315,"ホーヅー"
"ボゴタ","Bogotá","波哥大","보고타","コロンビア",true,-74.072222,4.711111,2555,2019,8281030,136570,211271,210312,14688,""
"ボゴール","Bogor","茂物","보고르","インドネシア",false,106.7972,-6.5966,263,2021,1183090,1739286,1104312,377058,683279,""
"亳州","Bozhou","亳州","보저우","中華人民共和国",false,115.7786,33.8463,38,2004,5350000,1328328,321001,192,345335,"ボーヂョウ"
"ボーパール","Bhopal","博帕尔","보팔","インド",false,77.412611,23.259889,495,2011,1795648,603008,47946,64051,628327,""
"ポドゴリツァ","Podgorica","波德戈里察","포드고리차","モンテネグロ",true,19.262778,42.441389,44,2011,150977,211261,172136,174683,71047,""
"ポルトノボ","Porto-Novo","波多诺伏","포르토노보","ベナン",true,2.605,6.497222,22,2013,263616,257589,57395,112441,63723,""
"ポルト・アレグレ","Porto Alegre","阿雷格里港","포르투알레그리","ブラジル",false,-51.23,-30.033056,42,2020,1488252,165715,172237,193818,132253,""
"ポルトーフランセ","Port-aux-Français","法兰西港","포르토 프란세","フランス領南方・南極地域",true,70.218889,-49.35,7,2004,60,748609,5777298,1086673,"",""
"ポルトープランス","Port-au-Prince","太子港","포르토프랭스","ハイチ",true,-72.307222,18.594167,20,2015,987310,261489,57391,294897,54990,""
"ポートオブスペイン","Port of Spain","西班牙港","포트오브스페인","トリニダード・トバゴ",true,-61.516667,10.666667,26,2011,36963,114541,57393,318716,55236,""
"ポートビラ","Port Vila","维拉港","포트빌라","バヌアツ",true,168.316667,-17.733333,51,2009,44040,253845,57389,156297,52089,""
"ポートモレスビー","Port Moresby","莫尔斯比港","포트모르즈비","パプア・ニューギニア",true,147.149444,-9.478889,19,2011,364145,39209,57387,285386,49301,""
"ポートルイス","Port Louis","路易港","포트루이스","モーリシャス",true,57.504167,-20.164444,18,2012,149672,318989,57378,294941,48122,""
"マカオ","Macau","澳門","마카오","マカオ",true,113.54,22.19,6,2019,672000,7855,19068,16175,18780,""
"マカッサル","Makassar","望加錫","마카사르","インドネシア",false,119.413611,-5.133056,9,2010,1338633,277453,389464,576836,683007,""
"マシュハド","Mashhad","馬什哈德","마슈하드","イラン",false,59.543333,36.326389,1022,2016,3001184,659458,406512,335965,181408,""
"マジュロ","Majuro","馬久羅","마주로","マーシャル諸島",true,171.383333,7.083333,0,2011,27797,318058,57037,350217,46287,""
"マスカット","Muscat","马斯喀特","무스카트","オマーン",true,58.408333,23.588889,11,2013,775878,156179,57053,294532,34775,""
"マセイオ","Maceió","马塞约","마세이오","ブラジル",false,-35.735,-9.665833,13,2020,1025360,1702443,818759,914417,168608,""
"マセル","Maseru","马塞卢","마세루","レソト",true,27.48,-29.31,1560,2018,202000,46656,57047,156294,51998,""
"マタウトゥ","Mata Utu","马塔乌图","마타우투","ウォリス・フツナ",true,-176.183333,-13.283333,24,2013,1075,675790,2418361,1086687,74422,""
"マディーナ","Medina","麦地那","메디나","サウジアラビア",false,39.61,24.47,616,2022,1411599,13484,36636,131306,283798,""
"マドゥライ","Madurai","马杜赖","마두라이","インド",false,78.1198,9.9252,141,2011,1016885,571216,186095,327490,215365,""
"マドリード","Madrid","马德里","마드리드","スペイン",true,-3.703333,40.416944,655,2014,3165235,30781,41188263,18419,10211,""
"マナウス","Manaus","马瑙斯","마나우스","ブラジル",false,-60.021667,-3.118889,54,2016,2083780,264986,455086,258434,132262,""
"マナグア","Managua","馬拿瓜","마나과","ニカラグア",true,-86.251389,12.136389,97,2021,1058191,272843,57042,804595,51969,""
"マナーマ","Manama","麦纳麦","마나마","バーレーン",true,50.5875,26.223333,7,2010,157474,204258,20481,73270,31824,""
"マニラ","Manila","马尼拉","마닐라","フィリピン",true,120.9772,14.5958,-2,2015,1780148,80391,184334,3127,30231,""
"マプト","Maputo","马普托","마푸투","モザンビーク",true,32.583333,-25.966667,69,2014,1163000,173707,57044,286755,32110,""
"マムズ","Mamoudzou","马穆楚","마무주","マヨット",true,45.2278,-12.7806,38,2020,71437,1729581,2418420,705596,156379,""
"マラカイボ","Maracaibo","马拉开波","마라카이보","ベネズエラ",false,-71.633333,10.633333,14,2020,2658355,726706,249847,692721,378220,""
"マラボ","Malabo","馬拉博","말라보","赤道ギニア",true,8.774444,3.745556,56,2012,190000,290525,48823,294140,48121,""
"マリエハムン","Mariehamn","玛丽港","마리에함","オーランド諸島",true,19.933333,60.1,19,2021,11736,511077,268021,573884,270452,""
"マリゴ","Marigot","马里戈","마리고","サン・マルタン",true,-63.0822,18.0731,5,2012,3672,1827558,9043149,1086686,747855,""
"マレ","Malé","馬累","말레","モルディブ",true,73.508889,4.175278,8,2022,211908,93632,57040,64392,42404,""
"マンダレー","Mandalay","曼德勒","만달레","ミャンマー",false,96.084444,21.983056,84,2005,927000,696990,405195,181595,323430,""
"綿陽","Mianyang","绵阳","몐양","中華人民共和国",false,104.679,31.468,474,2015,4771900,1285609,1516496,33763,360815,"ミエンヤン"
"ミュンヘン","Munich","慕尼黑","뮌헨","ドイツ",false,11.575,48.1375,520,2023,1510378,52145,19058,37270,8326,""
"ミラノ","Milan","米蘭","밀라노","イタリア",false,9.19,45.466944,127,2021,1374582,31820,36511,74183,11767,""
"ミンスク","Minsk","明斯克","민스크","ベラルーシ",true,27.558611,53.900556,218,2014,1921807,130482,51593,45199,14683,""
"ムババーネ","Mbabane","姆巴巴內","음바바네","エスワティニ",true,31.133333,-26.316667,1205,2010,94874,318035,57049,293280,79728,""
"ムルターン","Multan","木爾坦","물탄","パキスタン",false,71.469722,30.197778,128,2015,3117000,715878,433843,387092,693008,""
"ムンバイ","Mumbai","孟买","뭄바이","インド",false,72.8775,19.076111,10,2011,12478447,126526,19189,113186,40553,""
"牡丹江","Mudanjiang","牡丹江","무단장","中華人民共和国",false,129.6329,44.5514,235,2009,2900000,125401,2014301,45339,216729,"ムーダンジァン"
"メキシコシティ","Mexico City","墨西哥城","멕시코시티","メキシコ",true,-99.133333,19.433333,2232,2016,8918653,28507,18987,55526,11773,""
"メダン","Medan","棉蘭","메단","インドネシア",false,98.673889,3.589444,37,2021,2368348,228374,360758,88790,318947,""
"メッカ","Mecca","麥加","메카","サウジアラビア",false,39.823333,21.4225,301,2015,1578722,1036019,21021,51848,27814,""
"メデリン","Medellín","麦德林","메데인","コロンビア",false,-75.590556,6.230833,1496,2020,2569007,724211,340197,928465,232162,""
"メルボルン","Melbourne","墨尔本","멜버른","オーストラリア",false,144.963056,-37.814167,16,2019,5078193,107868,17306237,104699,22884,""
"メンドーサ","Mendoza","门多萨","멘도사","アルゼンチン",false,-68.844444,-32.889722,760,2010,115041,742934,537250,527426,143975,""
"メーラト","Meerut","密拉特","메루트","インド",false,77.71,28.98,230,2001,1074229,612891,413695,505197,681641,""
"モガディシュ","Mogadishu","摩加迪休","모가디슈","ソマリア",true,45.341944,2.039167,15,2014,1650227,128466,60154,205346,12048,""
"モスクワ","Moscow","莫斯科","모스크바","ロシア",true,37.6175,55.750556,151,2021,13010112,252535,19004,2734,14684,""
"モナコ","Monaco","摩纳哥","모나코","モナコ",true,7.42,43.731111,71,2020,39000,11927,19261,26491,9271,""
"モロニ","Moroni","莫洛尼","모로니","コモロ",true,43.256,-11.699,33,2017,74749,46931,290711,294894,55101,""
"モンテビデオ","Montevideo","蒙得维的亚","몬테비데오","ウルグアイ",true,-56.184167,-34.905556,59,2011,1305082,2860,38261,149363,14233,""
"モンテレイ","Monterrey","蒙特雷","몬테레이","メキシコ",false,-100.318056,25.684444,546,2015,1109171,515981,40455,335172,312435,""
"モントリオール","Montreal","蒙特利尔","몬트리올","カナダ",false,-73.554167,45.508889,48,2002,1704694,43835,7954681,43791,29299,""
"モンロビア","Monrovia","蒙羅維亞","몬로비아","リベリア",true,-10.801389,6.313333,36,2023,1678000,317553,285213,212891,48095,""
"モースル","Mosul","摩苏尔","모술","イラク",false,43.13,36.34,235,2015,664221,348038,200475,589671,74432,""
"ヤウンデ","Yaoundé","雅温得","야운데","カメルーン",true,11.516667,3.866667,732,2009,2440062,49665,57671,294194,55094,""
"ヤムスクロ","Yamoussoukro","亚穆苏克罗","야무수크로","コートジボアール",true,-5.274167,6.816111,202,2014,355573,227200,34395,134583,55113,""
"ヤレン","Yaren District","亞倫區","야렌구","ナウル",true,166.925,-0.545556,39,2021,803,102259,59028,156288,51657,""
"ヤンゴン","Yangon","仰光","양곤","ミャンマー",false,96.16,16.795,16,2014,5160512,114075,57404,50209,46960,""
"横浜","Yokohama","横滨","요코하마","日本",false,139.638056,35.444167,22,2024,3771005,852212,80313,82729,26965,"ヨコハマ"
"ラクナウ","Lucknow","勒克瑙","러크나우","インド",false,80.95,26.85,121,2011,2815601,446944,392095,461353,285186,""
"ラゴス","Lagos","拉哥斯","라고스","ナイジェリア",false,3.384082,6.455027,13,2006,7937932,351166,85232,113415,48092,""
"ラバト","Rabat","拉巴特","라바트","モロッコ",true,-6.84165,34.020882,28,2014,577827,138842,57400,122294,47948,""
"ラパス","La Paz","拉巴斯","라파스","ボリビア",false,-68.133333,-16.495833,3646,2012,758845,2866,42821,112438,14689,""
"ラホール","Lahore","拉合爾","라호르","パキスタン",false,74.343611,31.549722,216,2017,11126285,108891,125315,121005,38863,""
"ラマッラー","Ramallah","拉姆安拉","라말라","パレスチナ",true,35.2,31.9,838,2021,42100,1407494,44132,51380,472574,""
"ラユーン","Laayoune","阿尤恩","엘아이운","[""サハラ・アラブ民主共和国"",""西サハラ""]",true,-13.198889,27.15,73,2014,217732,155118,402075,294979,51338,""
"蘭州","Lanzhou","兰州","란저우","中華人民共和国",false,103.8268,36.0606,1533,2020,4359400,194573,250129,13705,191044,"ランチョウ"
"ラーイプル","Raipur","賴布爾","라이푸르","インド",false,81.630556,21.244444,304,2011,1010087,802031,591573,2931662,686813,""
"楽山","Leshan","乐山","러산","中華人民共和国",false,103.766,29.552,356,2007,3524500,1187671,2135993,39685,361722,"ラーシャン"
"ラージコート","Rajkot","拉杰果德","라지코트","インド",false,70.7833,22.3,141,2008,1335397,639584,846591,485093,682419,""
"ラーワルピンディー","Rawalpindi","拉瓦尔品第","라왈핀디","パキスタン",false,73.033333,33.6,517,2006,3039550,13022,343524,461321,38845,""
"ラーンチー","Ranchi","蘭契","란치","インド",false,85.33,23.36,644,2019,2190645,657715,315858,2931645,510580,""
"リオデジャネイロ","Rio de Janeiro","里约热内卢","리우데자네이루","ブラジル",false,-43.205556,-22.911111,68,2021,6775521,38603,25936,216246,81513,""
"リガ","Riga","里加","리가","ラトビア",true,24.106389,56.948889,12,2021,614618,53653,25508,91983,30224,""
"リスボン","Lisbon","里斯本","리스본","ポルトガル",true,-9.15,38.725278,55,2021,545796,74624,18091,113027,9083,""
"リマ","Lima","利馬","리마","ペルー",true,-77.0375,-12.06,143,2018,10350721,159049,85423,58845,18782,""
"リヤド","Riyadh","利雅德","리야드","サウジアラビア",true,46.716667,24.633333,589,2018,7676654,81740,51554,113298,18776,""
"柳州","Liuzhou","柳州","류저우","中華人民共和国",false,109.427778,24.327778,88,2015,3922700,1330061,1124071,4380,373874,"リュウヂョウ"
"リュブリャナ","Ljubljana","卢布尔雅那","류블랴나","スロベニア",true,14.506111,46.051389,294,2012,280278,211359,42374,102373,47271,""
"リロングウェ","Lilongwe","利隆圭","릴롱궤","マラウィ",true,33.783333,-13.983333,1029,2012,781538,264882,57030,294949,46298,""
"臨沂","Linyi","临沂","린이","中華人民共和国",false,118.3564,35.1038,81,2004,10110000,928477,1971233,36525,112325,"リンイー"
"日照","Rizhao","日照","르자오","中華人民共和国",false,119.527,35.417,34,2004,2870000,913870,2887316,37325,112326,"リーザオ"
"リーブルヴィル","Libreville","利伯维尔","리브르빌","ガボン",true,9.454167,0.390278,12,2013,703904,316158,57028,320231,31725,""
"ルアンダ","Luanda","罗安达","루안다","アンゴラ",true,13.234444,-8.838333,75,2019,2571861,134976,18402,294554,33158,""
"洛陽","Luoyang","洛阳","뤄양","中華人民共和国",false,112.4539,34.6197,143,2016,6620000,41998,166420,4447,38368,"ルオヤン"
"ルクセンブルク","Luxembourg City","盧森堡市","룩셈부르크","ルクセンブルク",true,6.131944,49.611667,315,2014,107247,147501,57035,506544,19803,""
"ルサカ","Lusaka","路沙卡","루사카","ザンビア",true,28.283333,-15.416667,1279,2013,2330200,208704,23149963,112793,55080,""
"ルディヤーナー","Ludhiana","卢迪亚纳","루디아나","インド",false,75.85,30.91,250,2011,1618879,605416,460486,461820,685760,""
"ルハーンシク","Luhansk","卢甘斯克","루한스크","ルガンスク人民共和国",true,39.303056,48.567778,103,2004,445900,1726868,1057453,291476,63017,""
"六安","Lu'an","六安","루안","中華人民共和国",false,116.52,31.736,83,2015,5815000,1328154,2896352,40492,344925,"ルーアン"
"瀘州","Luzhou","泸州","루저우","中華人民共和国",false,105.442,28.871,235,2015,4285200,1280717,1862249,3973,56397,"ルーヂョウ"
"レイキャヴィーク","Reykjavík","雷克雅維克","레이캬비크","アイスランド",true,-21.9425,64.145833,10,2016,123246,112253,25798,112727,30229,""
"レオン","León","莱昂","레온","メキシコ",false,-101.683333,21.116667,1804,2020,1721626,734236,217151,1154475,562976,""
"レシフェ","Recife","累西腓","헤시피","ブラジル",false,-34.9,-8.05,20,2020,1653461,662686,65670,215498,132898,""
"ロサリオ","Rosario","罗萨里奥","로사리오","アルゼンチン",false,-60.639444,-32.9575,30,2020,1750000,554185,592784,527837,300741,""
"ロサンゼルス","Los Angeles","洛杉矶","로스앤젤레스","アメリカ",false,-118.25,34.05,119,2016,3976322,19852,18110,3134,3373,""
"ロストフ・ナ・ドヌ","Rostov-on-Don","顿河畔罗斯托夫","로스토프나도누","ロシア",false,39.71,47.2225,42,2021,1142162,57231,317562,293953,46148,""
"ロゾー","Roseau","羅索","로조","ドミニカ",true,-61.388333,15.301389,9,2012,14741,261476,57402,361992,51979,""
"ロメ","Lomé","洛美","로메","トーゴ",true,1.215278,6.130833,7,2014,1708000,254918,57067,294933,48087,""
"ロングイェールビーン","Longyearbyen","朗伊爾城","롱이어비엔","スヴァールバル諸島およびヤンマイエン島",true,15.65,78.22,26,2008,2040,322246,337405,556862,138498,""
"ロンドン","London","伦敦","런던","イギリス",true,-0.1275,51.507222,21,2020,9425622,7317,17867,3443,14284,""
"ロードタウン","Road Town","罗德城","로드타운","英領バージン諸島",true,-64.623056,18.431389,68,2012,12603,679594,1242993,1086639,515859,""
"ローマ","Rome","罗马","로마","イタリア",true,12.483333,41.9,35,2024,2751747,3378,25458,39129,3228,""
"ワガドゥグー","Ouagadougou","瓦加杜古","와가두구","ブルキナファソ",true,-1.5275,12.368611,302,2017,1626950,102276,56100,113583,53341,""
"ワシントンD.C.","Washington","华盛顿哥伦比亚特区","워싱턴 D.C.","アメリカ",true,-77.016389,38.904722,19,2023,678972,12494,108956,3130,1863,""
"ワルシャワ","Warsaw","华沙","바르샤바","ポーランド",true,21.011111,52.23,110,2021,1795569,18529,32908,99859,14681,""
"ンゲルルムッド","Ngerulmud","恩吉鲁穆德","응게룰무드","パラオ",true,134.624167,7.500556,81,-1,500,2862496,23804937,4416160,1402522,""
"ンジャメナ","N'Djamena","恩賈梅納","은자메나","チャド",true,15.044722,12.105278,299,2012,1092066,117685,57059,294953,55091,""
"ヴァドーダラー","Vadodara","巴罗达","바도다라","インド",false,73.2,22.3,45,2012,1602424,598541,515128,484240,681853,""
"ヴァーラーナシー","Varanasi","瓦拉納西","바라나시","インド",false,83.012778,25.318889,77,2011,1201815,366025,37613554,470331,54413,""
"ヴィエンチャン","Vientiane","永珍","비엔티안","ラオス",true,102.63,17.98,176,2015,820940,91171,23508076,219634,51995,""
"ヴィクトリア","Victoria","维多利亚","빅토리아","[""イギリス領インド洋地域"",""セーシェル""]",true,55.4525,-4.6231,6,2015,26450,46932,670780,595695,53541,""
"ヴィシャーカパトナム","Visakhapatnam","维沙卡帕特南","비샤카파트남","インド",false,83.297778,17.704167,15,2011,1730320,605533,238760,712687,622145,""
"ヴィジャヤワーダ","Vijayawada","维杰亚瓦达","비자야와다","インド",false,80.6305,16.5193,28,2006,1632644,623721,750441,712407,685867,""
"ヴィリニュス","Vilnius","维尔纽斯","빌뉴스","リトアニア",true,25.28,54.687222,101,2019,587581,145830,32597,153607,30226,""
"ヴォルゴグラード","Volgograd","伏尔加格勒","볼고그라드","ロシア",false,44.514722,48.708611,31,2021,1028036,50140,32585,219941,35011,""