qid,nation,capital
Q1863,AD,1
Q1519,AE,1
Q612,AE,
Q5838,AF|AFX,1
Q36262,AG,1
Q30994,AI,1
Q19689,AL,1
Q1953,AM,1
Q3897,AO,1
Q1486,AR,1
Q44210,AR,
Q44237,AR,
Q52535,AR,
Q51678,AS,1
Q1741,AT,1
Q3114,AU,1
Q3130,AU,
Q3141,AU,
Q3183,AU,
Q34932,AU,
Q5112,AU,
Q131243,AW,1
Q48329,AX,1
Q9248,AZ,1
Q47837,B28|EH,1
Q168652,B30,1
Q40811,B35,1
Q132572,B36,1
Q79863,B37,1
Q129352,B38,1
Q19566,B89,1
Q11194,BA,1
Q36168,BB,1
Q1354,BD,1
Q376749,BD,
Q239,BE,1
Q240,BE,1
Q3777,BF,1
Q472,BG,1
Q3882,BH,1
Q167551,BI,1
Q3799,BJ,1
Q43595,BJ,
Q34112,BL,1
Q30985,BM,1
Q9279,BN,1
Q1491,BO,
Q170688,BO,
Q2907,BO,1
Q12829733,BR,
Q168888,BR,
Q171617,BR,
Q174,BR,
Q184409,BR,
Q2844,BR,1
Q28441,BR,
Q36947,BR,
Q40236,BR,
Q40269,BR,
Q42800,BR,
Q43463,BR,
Q4361,BR,
Q48344,BR,
Q83114,BR,
Q83189,BR,
Q8678,BR,
Q2467,BS,1
Q9270,BT,1
Q3919,BW,1
Q2280,BY,1
Q3043,BZ,1
Q43070,C02,1
Q134279,C03,1
Q172,CA,
Q1930,CA,1
Q340,CA,
Q36312,CA,
Q48675,CC,1
Q3838,CD,1
Q3832,CF,1
Q3844,CG,1
Q70,CH,1
Q1515,CI,
Q3768,CI,1
Q170482,CK,1
Q2887,CL,1
Q132830,CM,
Q3808,CM,1
Q11720,CN,
Q11725,CN,
Q11736,CN,
Q11746,CN,
Q147187,CN,
Q15174,CN,
Q16572,CN,
Q16666,CN,
Q16959,CN,
Q170247,CN,
Q170322,CN,
Q171943,CN,
Q174091,CN,
Q178945,CN,
Q179608,CN,
Q182852,CN,
Q183584,CN,
Q185684,CN,
Q187136,CN,
Q192271,CN,
Q198370,CN,
Q205922,CN,
Q207030,CN,
Q210493,CN,
Q217646,CN,
Q217681,CN,
Q217698,CN,
Q29015,CN,
Q30002,CN,
Q30340,CN,
Q304848,CN,
Q332753,CN,
Q360178,CN,
Q360643,CN,
Q360702,CN,
Q360769,CN,
Q363391,CN,
Q372791,CN,
Q373101,CN,
Q373346,CN,
Q38968,CN,
Q404763,CN,
Q404817,CN,
Q404873,CN,
Q416544,CN,
Q416669,CN,
Q425492,CN,
Q426130,CN,
Q42622,CN,
Q42635,CN,
Q42651,CN,
Q42664,CN,
Q426644,CN,
Q426756,CN,
Q426868,CN,
Q426996,CN,
Q427367,CN,
Q42780,CN,
Q42956,CN,
Q486319,CN,
Q4970,CN,
Q533157,CN,
Q535534,CN,
Q569907,CN,
Q570829,CN,
Q571766,CN,
Q571808,CN,
Q57719,CN,
Q57818,CN,
Q57970,CN,
Q5826,CN,
Q58273,CN,
Q58401,CN,
Q58422,CN,
Q58570,CN,
Q59100,CN,
Q59144,CN,
Q68481,CN,
Q68695,CN,
Q68744,CN,
Q71247,CN,
Q71305,CN,
Q71401,CN,
Q72778,CN,
Q72877,CN,
Q74881,CN,
Q74957,CN,
Q75026,CN,
Q8686,CN,
Q92161,CN,
Q92277,CN,
Q956,CN,1
Q2841,CO,1
Q48278,CO,
Q51103,CO,
Q62823,CO,
Q657461,CO,
Q3070,CR,1
Q1563,CU,1
Q3751,CV,1
Q132679,CW,1
Q30980,CX,1
Q3856,CY|B20,1
Q1085,CZ,1
Q1055,DE,
Q1726,DE,
Q365,DE,
Q64,DE,1
Q3604,DJ,1
Q977,DJ,1
Q1748,DK,1
Q36281,DM,1
Q34820,DO,1
Q131818,DZ,
Q3561,DZ,1
Q2900,EC,1
Q43509,EC,
Q1770,EE,1
Q81788,EG,
Q85,EG,1
Q87,EG,
Q3642,ER,1
Q1492,ES,
Q2807,ES,1
Q3624,ET,1
Q1757,FI,1
Q38807,FJ,1
Q12245,FK,1
Q42751,FM,1
Q10704,FO,1
Q90,FR,1
Q3825,GA,1
Q2256,GB,
Q4093,GB,
Q84,GB,1
Q41547,GD,1
Q994,GE,1
Q44401,GF,1
Q174262,GG,1
Q182059,GH,
Q3761,GH,1
Q1410,GI,1
Q226,GL,1
Q3726,GM,1
Q3733,GN,1
Q167024,GP,1
Q1140136,GQ,1
Q3818,GQ,
Q1524,GR,1
Q393878,GS,1
Q1555,GT,1
Q30988,GU,1
Q3739,GW,1
Q10717,GY,1
Q8646,HK,1
Q3238,HN,1
Q1435,HR,1
Q34261,HT,1
Q1781,HU,1
Q10127,ID,
Q10389,ID,
Q10393,ID,
Q11025,ID,
Q11462,ID,
Q14634,ID,
Q3630,ID,1
Q4842953,ID,
Q5972,ID,
Q7786,ID,
Q8131,ID,
Q8156,ID,
Q1761,IE,1
Q1218,IL,1
Q18569,IM,1
Q1070,IN,
Q1156,IN,
Q11854,IN,
Q11909,IN,
Q119219,IN,
Q1348,IN,
Q1352,IN,
Q1353,IN,1
Q1355,IN,
Q1361,IN,
Q1513,IN,
Q1538,IN,
Q158467,IN,
Q162442,IN,
Q170115,IN,
Q174461,IN,
Q200016,IN,
Q200017,IN,
Q200019,IN,
Q200123,IN,
Q200235,IN,
Q200237,IN,
Q200663,IN,
Q200713,IN,
Q200878,IN,
Q205697,IN,
Q207098,IN,
Q207749,IN,
Q228405,IN,
Q244159,IN,
Q330531,IN,
Q372773,IN,
Q42941,IN,
Q4629,IN,
Q47916,IN,
Q48403,IN,
Q580876,IN,
Q581999,IN,
Q61445,IN,
Q66485,IN,
Q66568,IN,
Q66616,IN,
Q79980,IN,
Q80484,IN,
Q80989,IN,
Q9885,IN,
Q3940,IO|SC,1
Q1530,IQ,1
Q48195,IQ,
Q83317,IQ,
Q121157,IR,
Q170366,IR,
Q170573,IR,
Q3616,IR,1
Q36529,IR,
Q42053,IR,
Q6397066,IR,
Q80053,IR,
Q1764,IS,1
Q220,IT,1
Q490,IT,
Q147738,JE,1
Q34692,JM,1
Q3805,JO,1
Q11751,JP,
Q134635,JP,
Q1490,JP,1
Q164234,JP,
Q26600,JP,
Q34600,JP,
Q34664,JP,
Q35765,JP,
Q37951,JP,
Q38283,JP,
Q46747,JP,
Q48320,JP,
Q7473516,JP,1
Q3870,KE,1
Q9361,KG,1
Q1850,KH,1
Q2486,KI,1
Q3901,KM,1
Q41295,KN,1
Q18808,KP,1
Q16520,KR,
Q20921,KR,
Q20927,KR,
Q20934,KR,
Q41278,KR,
Q41283,KR,
Q8684,KR,1
Q35178,KW,1
Q817,KW,1
Q172996,KY,1
Q1520,KZ,1
Q35493,KZ,
Q485496,KZ,
Q9326,LA,1
Q3820,LB,1
Q41699,LC,1
Q1844,LI,1
Q35381,LK,
Q41963,LK,1
Q3748,LR,1
Q3909,LS,1
Q216,LT,1
Q1842,LU,1
Q32,LU,1
Q1773,LV,1
Q3579,LY,1
Q3551,MA,1
Q7903,MA,
Q80985,MA,
Q235,MC,1
Q21197,MD,1
Q23564,ME,1
Q200605,MF,1
Q3915,MG,1
Q12919,MH,1
Q384,MK,1
Q3703,ML,1
Q185518,MM,
Q37400,MM,1
Q37995,MM,
Q23430,MN,1
Q14773,MO,1
Q51679,MP,1
Q81621,MQ,1
Q3688,MR,1
Q30990,MS,1
Q43382,MS,1
Q23800,MT,1
Q3929,MU,1
Q9347,MV,1
Q3876,MW,1
Q124739,MX,
Q125293,MX,
Q147402,MX,
Q1489,MX,1
Q15121208,MX,
Q189128,MX,
Q210307,MX,
Q26590,MX,
Q81033,MX,
Q9022,MX,
Q1865,MY,1
Q3889,MZ,1
Q3935,NA,1
Q9733,NC,1
Q3674,NE,1
Q30963,NF,1
Q182984,NG,
Q183298,NG,
Q3787,NG,1
Q8673,NG,
Q3274,NI,1
Q727,NL,1
Q585,NO,1
Q3037,NP,1
Q31026,NR,1
Q30966,NU,1
Q23661,NZ,1
Q37100,NZ,
Q3826,OM,1
Q3306,PA,1
Q804,PA,1
Q2868,PE,1
Q130800,PF,1
Q36526,PG,1
Q1461,PH,1
Q1473,PH,
Q1475,PH,
Q1478,PH,
Q1113311,PK,
Q11739,PK,
Q1362,PK,1
Q1640079,PK,
Q173985,PK,
Q185453,PK,
Q185458,PK,
Q243322,PK,
Q8660,PK,
Q93230,PK,
Q270,PL,1
Q185678,PM,1
Q48273,PN,1
Q41211,PR,1
Q158119,PS,1
Q597,PT,1
Q515229,PW,1
Q2933,PY,1
Q3861,QA,1
Q131575588,RE,1
Q47045,RE,1
Q19660,RO,1
Q3711,RS,1
Q649,RU,1
Q656,RU,
Q883,RU,
Q887,RU,
Q891,RU,
Q894,RU,
Q898,RU,
Q900,RU,
Q906,RU,
Q908,RU,
Q911,RU,
Q914,RU,
Q915,RU,
Q919,RU,
Q3859,RW,1
Q35484,SA,
Q3692,SA,1
Q374365,SA,
Q5806,SA,
Q40921,SB,1
Q180921,SD,
Q1963,SD,1
Q1754,SE,1
Q334,SG,1
Q30970,SH,1
Q437,SI,1
Q25923,SJ,1
Q1780,SK,1
Q3780,SL,1
Q1848,SM,1
Q238,SM,1
Q3718,SN,1
Q2449,SO,1
Q3001,SR,1
Q1947,SS,1
Q3932,ST,1
Q3110,SV,1
Q30958,SX,1
Q3766,SY,1
Q41183,SY,
Q3904,SZ,1
Q34205,TC,1
Q3659,TD,1
Q839559,TF,1
Q3792,TG,1
Q1861,TH,1
Q9365,TJ,1
Q656709,TK,1
Q9310,TL,1
Q23438,TM,1
Q3572,TN,1
Q38834,TO,1
Q35997,TR,
Q3640,TR,1
Q38545,TR,
Q406,TR,
Q40738,TR,
Q6487,TR,
Q79857,TR,
Q93338,TR,
Q39178,TT,1
Q34126,TV,1
Q115256,TW,
Q140631,TW,
Q181557,TW,
Q1867,TW,1
Q244898,TW,
Q245023,TW,
Q1960,TZ,
Q3866,TZ,1
Q1899,UA,1
Q42308,UA,
Q3894,UG,1
Q1297,US,
Q1345,US,
Q16552,US,
Q16553,US,
Q16555,US,
Q16556,US,
Q16557,US,
Q60,US,
Q61,US,1
Q65,US,
Q975,US,
Q1335,UY,1
Q269,UZ,1
Q237,VA,1
Q41474,VC,1
Q1533,VE,1
Q171632,VE,
Q179431,VG,1
Q51681,VI,1
Q1854,VN,
Q1858,VN,1
Q37806,VU,1
Q31002,WF,1
Q36260,WS,1
Q25270,XK,1
Q2471,YE,1
Q132676,YT,1
Q37701,ZA,
Q3926,ZA,1
Q5465,ZA,
Q3881,ZM,1
Q3921,ZW,1
