key,name,code,category,rank,lon,lat,kana
阿蘇山|311,阿蘇山,311,peak,6,131.104,32.8842,
開聞岳|311,開聞岳,311,peak,6,130.5286,31.1799,
岩手山|311,岩手山,311,peak,6,141.0009,39.8526,
宮之浦岳|311,宮之浦岳,311,peak,6,130.5045,30.3358,
駒ヶ岳|311,駒ヶ岳,311,peak,6,137.8046,35.7894,
駒ヶ岳|311#2,駒ヶ岳,311,peak,6,138.2368,35.7579,
栗駒山|311,栗駒山,311,peak,6,140.7884,38.9607,
剣山|311,剣山,311,peak,6,134.0943,33.8536,
御岳|311,御岳,311,peak,6,130.6566,31.5926,
御嶽山|311,御嶽山,311,peak,6,137.4805,35.8929,
散布山|311,散布山,311,peak,6,147.9199,45.3374,
釈迦ヶ岳|311,釈迦ヶ岳,311,peak,6,135.9033,34.1144,
十勝岳|311,十勝岳,311,peak,6,142.6863,43.4178,
乗鞍岳|311,乗鞍岳,311,peak,6,137.5536,36.1065,
西吾妻山|311,西吾妻山,311,peak,6,140.1409,37.7381,
西単冠山|311,西単冠山,311,peak,6,147.3442,44.8396,
石鎚山|311,石鎚山,311,peak,6,133.1152,33.7677,
赤石岳|311,赤石岳,311,peak,6,138.1575,35.4612,
浅間山|311,浅間山,311,peak,6,138.5232,36.4064,
早池峰山|311,早池峰山,311,peak,6,141.4888,39.5583,
槍ヶ岳|311,槍ヶ岳,311,peak,6,137.6477,36.342,
蔵王山|311,蔵王山,311,peak,6,140.4399,38.1437,
大山|311,大山,311,peak,6,133.5464,35.3711,
大雪山|311,大雪山,311,peak,6,142.8542,43.6634,
大台ヶ原山|311,大台ヶ原山,311,peak,6,136.1093,34.1851,
男体山|311,男体山,311,peak,6,139.4907,36.765,
鳥海山|311,鳥海山,311,peak,6,140.0489,39.0994,
白根山|311,白根山,311,peak,6,138.5276,36.6439,
白山|311,白山,311,peak,6,136.7715,36.1551,
白馬岳|311,白馬岳,311,peak,6,137.7586,36.7584,
八ヶ岳|311,八ヶ岳,311,peak,6,138.3701,35.9708,
飯豊山|311,飯豊山,311,peak,6,139.7073,37.8548,
氷ノ山|311,氷ノ山,311,peak,6,134.5139,35.3538,
富士山|311,富士山,311,peak,6,138.7275,35.3608,
幌尻岳|311,幌尻岳,311,peak,6,142.6829,42.7193,
爺爺岳|311,爺爺岳,311,peak,6,146.2531,44.3536,
羊蹄山|311,羊蹄山,311,peak,6,140.8114,42.8266,
羅臼岳|311,羅臼岳,311,peak,6,145.1222,44.0757,
立山|311,立山,311,peak,6,137.6199,36.5758,
燧ヶ岳|311,燧ヶ岳,311,peak,6,139.2854,36.9551,
くじゅう連山|311,くじゅう連山,311,peak,8,131.2581,33.1344,
吉野山|311,吉野山,311,peak,8,135.8398,34.3483,
恐山|311,恐山,311,peak,8,141.0305,41.3299,
那須岳|311,那須岳,311,peak,8,139.9483,37.1346,
白根三山|311,白根三山,311,peak,8,138.1761,35.6592,
八甲田山|311,八甲田山,311,peak,8,140.8808,40.6723,
霧島山|311,霧島山,311,peak,8,130.8736,31.9131,
塩見岳|314,塩見岳,314,peak,8,138.1847,35.5643,
聖岳|314,聖岳,314,peak,8,138.1411,35.4316,
仙丈ヶ岳|314,仙丈ヶ岳,314,peak,8,138.1816,35.7292,
東岳|314,東岳,314,peak,8,138.1829,35.5129,
農鳥岳|314,農鳥岳,314,peak,8,138.2362,35.6132,
穂高岳|314,穂高岳,314,peak,8,137.646,36.3016,
北岳|314,北岳,314,peak,8,138.2389,35.6849,
イドンナップ岳|315,イドンナップ岳,315,peak,9,142.6535,42.6371,
イワオヌプリ|315,イワオヌプリ,315,peak,9,140.6418,42.8932,
ウエンシリ岳|315,ウエンシリ岳,315,peak,9,142.8782,44.2413,
ウペペサンケ山|315,ウペペサンケ山,315,peak,9,143.0877,43.3803,
エサオマントッタベツ岳|315,エサオマントッタベツ岳,315,peak,9,142.746,42.6856,
オロフレ山|315,オロフレ山,315,peak,9,141.0888,42.5712,
カムイエクウチカウシ山|315,カムイエクウチカウシ山,315,peak,9,142.7967,42.6141,
トマム山|315,トマム山,315,peak,9,142.5996,43.0888,
トムラウシ山|315,トムラウシ山,315,peak,9,142.8513,43.5397,
ニセイカウシュッペ山|315,ニセイカウシュッペ山,315,peak,9,142.991,43.7934,
ニセコアンヌプリ|315,ニセコアンヌプリ,315,peak,9,140.6398,42.8631,
ニペソツ山|315,ニペソツ山,315,peak,9,143.0271,43.4522,
ハッタオマナイ岳|315,ハッタオマナイ岳,315,peak,9,142.3119,42.8592,
ピッシリ山|315,ピッシリ山,315,peak,9,142.0429,44.3669,
ピリガイ山|315,ピリガイ山,315,peak,9,142.7905,42.4445,
ピリカヌプリ|315,ピリカヌプリ,315,peak,9,142.9627,42.3908,
ピンネシリ|315,ピンネシリ,315,peak,9,141.7006,43.5021,
ペテガリ岳|315,ペテガリ岳,315,peak,9,142.864,42.5096,
ベルタルベ山|315,ベルタルベ山,315,peak,9,146.9281,44.4816,
ホロホロ山|315,ホロホロ山,315,peak,9,141.1419,42.6385,
ヤオロマップ岳|315,ヤオロマップ岳,315,peak,9,142.8219,42.5588,
ルルイ岳|315,ルルイ岳,315,peak,9,146.1405,44.465,
阿寒富士|315,阿寒富士,315,peak,9,143.9954,43.3657,
阿佐山|315,阿佐山,315,peak,9,132.3825,34.7948,
阿登佐岳|315,阿登佐岳,315,peak,9,147.1289,44.8006,
愛鷹山|315,愛鷹山,315,peak,9,138.7944,35.2281,
旭岳|315,旭岳,315,peak,9,142.8461,43.6736,
芦別岳|315,芦別岳,315,peak,9,142.2834,43.2487,
粟ヶ岳|315,粟ヶ岳,315,peak,9,139.1899,37.565,
安家森|315,安家森,315,peak,9,141.5398,40.0451,
安達太良山|315,安達太良山,315,peak,9,140.2822,37.6257,
以東岳|315,以東岳,315,peak,9,139.8491,38.3543,
伊吹山|315,伊吹山,315,peak,9,136.4069,35.4314,
位山|315,位山,315,peak,9,137.1938,36.051,
一切経山|315,一切経山,315,peak,9,140.2422,37.7449,
稲庭岳|315,稲庭岳,315,peak,9,141.0461,40.2041,
烏帽子岳（乳頭山）|315,烏帽子岳（乳頭山）,315,peak,9,140.8437,39.8358,
烏帽子山|315,烏帽子山,315,peak,9,133.0534,35.0795,
雨ヶ岳|315,雨ヶ岳,315,peak,9,138.5594,35.4228,
雨乞岳|315,雨乞岳,315,peak,9,136.3824,35.0105,
雨飾山|315,雨飾山,315,peak,9,137.962,36.8939,
雲取山|315,雲取山,315,peak,9,138.9439,35.8636,
雲仙岳|315,雲仙岳,315,peak,9,130.2876,32.7754,
雲早山|315,雲早山,315,peak,9,134.2957,33.9136,
英彦山|315,英彦山,315,peak,9,130.9244,33.4884,
燕岳|315,燕岳,315,peak,9,137.7086,36.416,
遠音別岳|315,遠音別岳,315,peak,9,145.0144,44.007,
遠島山|315,遠島山,315,peak,9,141.6455,40.0277,
奥三界岳|315,奥三界岳,315,peak,9,137.5073,35.6864,
横岳|315,横岳,315,peak,9,138.3189,36.0774,
横手山|315,横手山,315,peak,9,138.5359,36.6789,
横津岳|315,横津岳,315,peak,9,140.7649,41.9467,
王ヶ頭|315,王ヶ頭,315,peak,9,138.1067,36.2191,
乙部岳|315,乙部岳,315,peak,9,140.2729,42.0487,
火打山|315,火打山,315,peak,9,138.0683,36.9106,
迦葉山|315,迦葉山,315,peak,9,139.0634,36.7686,
芽室岳|315,芽室岳,315,peak,9,142.786,42.88,
餓鬼岳|315,餓鬼岳,315,peak,9,137.7349,36.4554,
会津朝日岳|315,会津朝日岳,315,peak,9,139.3401,37.2359,
海別岳|315,海別岳,315,peak,9,144.8803,43.8913,
楽古岳|315,楽古岳,315,peak,9,143.1105,42.2828,
笠ヶ岳|315,笠ヶ岳,315,peak,9,137.5487,36.3265,
笠取山|315,笠取山,315,peak,9,132.9214,33.5623,
笠置山|315,笠置山,315,peak,9,137.3494,35.5169,
釜無山|315,釜無山,315,peak,9,138.1879,35.849,
茅ヶ岳|315,茅ヶ岳,315,peak,9,138.5151,35.8054,
冠山|315,冠山,315,peak,9,132.0732,34.4776,
冠山|315#2,冠山,315,peak,9,136.4097,35.7923,
冠着山|315,冠着山,315,peak,9,138.1069,36.4794,
貫気別山|315,貫気別山,315,peak,9,142.488,42.6545,
韓国岳|315,韓国岳,315,peak,9,130.86,31.944,
丸山|315,丸山,315,peak,9,143.0276,43.4099,
岩菅山|315,岩菅山,315,peak,9,138.5603,36.7529,
岩木山|315,岩木山,315,peak,9,140.2982,40.6705,
喜登牛山|315,喜登牛山,315,peak,9,143.4548,43.4594,
幾春別岳|315,幾春別岳,315,peak,9,142.1638,43.2336,
鬼怒沼山|315,鬼怒沼山,315,peak,9,139.3683,36.8734,
久住山|315,久住山,315,peak,9,131.2392,33.0707,
笈ヶ岳|315,笈ヶ岳,315,peak,9,136.7901,36.3107,
牛廻山|315,牛廻山,315,peak,9,135.6327,33.9586,
恐羅漢山|315,恐羅漢山,315,peak,9,132.1252,34.6007,
蕎麦粒山|315,蕎麦粒山,315,peak,9,138.035,35.1382,
仰烏帽子山|315,仰烏帽子山,315,peak,9,130.7629,32.3821,
玉置山|315,玉置山,315,peak,9,135.8319,33.936,
琴引山|315,琴引山,315,peak,9,132.7789,35.0401,
金剛山|315,金剛山,315,peak,9,135.6798,34.4076,
金剛堂山|315,金剛堂山,315,peak,9,137.0481,36.3949,
金時山|315,金時山,315,peak,9,139.0035,35.2975,
金峰山|315,金峰山,315,peak,9,138.6289,35.8754,
金北山|315,金北山,315,peak,9,138.3543,38.1121,
倶留尊山|315,倶留尊山,315,peak,9,136.1697,34.5428,
駒ヶ岳|315#3,駒ヶ岳,315,peak,9,139.0776,37.1338,
駒ヶ岳|315#4,駒ヶ岳,315,peak,9,140.2492,40.4046,
駒ヶ岳|315#5,駒ヶ岳,315,peak,9,140.6762,42.0758,
駒ヶ岳|315#6,駒ヶ岳,315,peak,9,140.7982,39.7696,
駒ヶ岳|315#7,駒ヶ岳,315,peak,9,140.9249,39.2066,
空木岳|315,空木岳,315,peak,9,137.8132,35.7306,
櫛ヶ峯|315,櫛ヶ峯,315,peak,9,140.8363,40.5945,
櫛形山|315,櫛形山,315,peak,9,138.3692,35.5819,
栗子山|315,栗子山,315,peak,9,140.2702,37.8819,
袈裟丸山|315,袈裟丸山,315,peak,9,139.3386,36.6337,
傾山|315,傾山,315,peak,9,131.4715,32.8477,
恵庭岳|315,恵庭岳,315,peak,9,141.2857,42.802,
恵那山|315,恵那山,315,peak,9,137.6,35.4514,
経ヶ岳|315,経ヶ岳,315,peak,9,130.0901,33.0006,
経ヶ岳|315#2,経ヶ岳,315,peak,9,136.6188,36.0548,
経ヶ岳|315#3,経ヶ岳,315,peak,9,137.8619,35.9244,
月山|315,月山,315,peak,9,140.0286,38.5648,
権現山|315,権現山,315,peak,9,139.0208,35.6753,
戸隠山|315,戸隠山,315,peak,9,138.0575,36.7632,
戸蔦別岳|315,戸蔦別岳,315,peak,9,142.6901,42.7499,
五葉山|315,五葉山,315,peak,9,141.7307,39.2132,
五龍岳|315,五龍岳,315,peak,9,137.7536,36.6509,
御座山|315,御座山,315,peak,9,138.6054,36.0437,
御在所山|315,御在所山,315,peak,9,136.4263,35.0307,
御神楽岳|315,御神楽岳,315,peak,9,139.4342,37.5291,
御鼻部山|315,御鼻部山,315,peak,9,140.8741,40.5206,
護摩壇山|315,護摩壇山,315,peak,9,135.5675,34.0697,
光岳|315,光岳,315,peak,9,138.0906,35.3497,
工石山|315,工石山,315,peak,9,133.5807,33.865,
庚申山|315,庚申山,315,peak,9,139.3602,36.6818,
甲武信ヶ岳|315,甲武信ヶ岳,315,peak,9,138.7336,35.9155,
糠平山|315,糠平山,315,peak,9,142.5016,42.7948,
荒海山|315,荒海山,315,peak,9,139.6476,37.045,
荒船山|315,荒船山,315,peak,9,138.6372,36.1957,
荒島岳|315,荒島岳,315,peak,9,136.599,35.9265,
高越山|315,高越山,315,peak,9,134.1963,34.008,
高岳|315,高岳,315,peak,9,131.1036,32.8877,
高隈山|315,高隈山,315,peak,9,130.814,31.4995,
高見山|315,高見山,315,peak,9,136.0868,34.4372,
高原山|315,高原山,315,peak,9,139.7753,36.9082,
高妻山|315,高妻山,315,peak,9,138.0451,36.8123,
高社山|315,高社山,315,peak,9,138.401,36.8094,
高清水山|315,高清水山,315,peak,9,136.9377,36.4863,
高千穂峰|315,高千穂峰,315,peak,9,130.9127,31.8819,
高千穂野|315,高千穂野,315,peak,9,131.0653,32.7773,
高滝森|315,高滝森,315,peak,9,141.7631,39.5266,
国見岳|315,国見岳,315,peak,9,131.0145,32.5585,
国師ヶ岳|315,国師ヶ岳,315,peak,9,138.676,35.8625,
黒岳|315,黒岳,315,peak,9,138.7498,35.5434,
黒森山|315,黒森山,315,peak,9,141.7202,39.9217,
黒姫山|315,黒姫山,315,peak,9,137.7866,36.969,
黒姫山|315#2,黒姫山,315,peak,9,138.1304,36.8258,
昆布岳|315,昆布岳,315,peak,9,140.6538,42.7198,
根子岳|315,根子岳,315,peak,9,131.1488,32.8712,
佐武流山|315,佐武流山,315,peak,9,138.671,36.7823,
堺ノ神岳|315,堺ノ神岳,315,peak,9,141.6284,39.757,
笹ヶ峰|315,笹ヶ峰,315,peak,9,133.2659,33.8305,
笹山|315,笹山,315,peak,9,138.2762,35.2788,
札幌岳|315,札幌岳,315,peak,9,141.2052,42.9107,
三ッ峠山|315,三ッ峠山,315,peak,9,138.822,35.5637,
三国山|315,三国山,315,peak,9,138.8284,36.7852,
三国山|315#2,三国山,315,peak,9,143.1378,43.6089,
三室山|315,三室山,315,peak,9,134.4639,35.2458,
三頭山|315,三頭山,315,peak,9,139.0037,35.7568,
三頭山|315#2,三頭山,315,peak,9,142.0838,44.101,
三瓶山|315,三瓶山,315,peak,9,132.6208,35.1487,
三本槍岳|315,三本槍岳,315,peak,9,139.9639,37.1584,
三俣蓮華岳|315,三俣蓮華岳,315,peak,9,137.5856,36.3986,
三嶺|315,三嶺,315,peak,9,133.9884,33.848,
山上ヶ岳|315,山上ヶ岳,315,peak,9,135.9393,34.266,
四阿山|315,四阿山,315,peak,9,138.4145,36.5532,
市房山|315,市房山,315,peak,9,131.0962,32.2986,
指臼山|315,指臼山,315,peak,9,148.019,45.1175,
紫尾山|315,紫尾山,315,peak,9,130.3621,31.9883,
至仏山|315,至仏山,315,peak,9,139.1738,36.9137,
雌阿寒岳|315,雌阿寒岳,315,peak,9,143.9973,43.4012,
鹿島槍ヶ岳|315,鹿島槍ヶ岳,315,peak,9,137.7476,36.6148,
七時雨山|315,七時雨山,315,peak,9,141.1127,40.0768,
七面山|315,七面山,315,peak,9,138.3522,35.3632,
篠山|315,篠山,315,peak,9,132.6613,33.0602,
斜里岳|315,斜里岳,315,peak,9,144.7332,43.779,
車山|315,車山,315,peak,9,138.1982,36.1122,
釈迦岳|315,釈迦岳,315,peak,9,130.8813,33.1756,
守門岳|315,守門岳,315,peak,9,139.1343,37.4101,
手稲山|315,手稲山,315,peak,9,141.1941,43.0685,
狩場山|315,狩場山,315,peak,9,139.9341,42.6203,
酒呑童子山|315,酒呑童子山,315,peak,9,130.9024,33.1039,
暑寒別岳|315,暑寒別岳,315,peak,9,141.5231,43.7253,
渚滑岳|315,渚滑岳,315,peak,9,142.9132,44.0524,
諸塚山|315,諸塚山,315,peak,9,131.2834,32.6472,
女峰山|315,女峰山,315,peak,9,139.5264,36.8289,
小田萌山|315,小田萌山,315,peak,9,147.916,45.0471,
焼岳|315,焼岳,315,peak,9,137.5847,36.243,
焼山|315,焼山,315,peak,9,138.0331,36.9297,
焼山|315#2,焼山,315,peak,9,140.7565,39.9526,
焼山|315#3,焼山,315,peak,9,147.8657,45.007,
焼石岳|315,焼石岳,315,peak,9,140.8423,39.1743,
城峯山|315,城峯山,315,peak,9,139.0083,36.0911,
常念岳|315,常念岳,315,peak,9,137.7258,36.3363,
尻別岳|315,尻別岳,315,peak,9,140.8804,42.775,
森吉山|315,森吉山,315,peak,9,140.5452,39.9825,
榛名山|315,榛名山,315,peak,9,138.8517,36.4873,
真昼岳|315,真昼岳,315,peak,9,140.6743,39.4525,
神威岳|315,神威岳,315,peak,9,142.906,42.4399,
神威岳|315#2,神威岳,315,peak,9,148.7995,45.5181,
神山|315,神山,315,peak,9,139.0241,35.2219,
神室山|315,神室山,315,peak,9,140.4959,38.9116,
身延山|315,身延山,315,peak,9,138.4169,35.4089,
針ノ木岳|315,針ノ木岳,315,peak,9,137.6848,36.5495,
甚吉森|315,甚吉森,315,peak,9,134.1099,33.6984,
瑞牆山|315,瑞牆山,315,peak,9,138.5925,35.9035,
西クマネシリ岳|315,西クマネシリ岳,315,peak,9,143.2516,43.5316,
西御荷鉾山|315,西御荷鉾山,315,peak,9,138.9271,36.1617,
石狩岳|315,石狩岳,315,peak,9,143.0142,43.5655,
脊振山|315,脊振山,315,peak,9,130.3672,33.4466,
赤岳|315,赤岳,315,peak,9,138.3707,35.9809,
赤城山|315,赤城山,315,peak,9,139.1923,36.5699,
扇ノ山|315,扇ノ山,315,peak,9,134.4435,35.4488,
扇山|315,扇山,315,peak,9,139.0143,35.6429,
浅間隠山|315,浅間隠山,315,peak,9,138.6511,36.4627,
浅草岳|315,浅草岳,315,peak,9,139.2328,37.3571,
船形山|315,船形山,315,peak,9,140.6224,38.468,
船通山|315,船通山,315,peak,9,133.1799,35.1645,
祖母山|315,祖母山,315,peak,9,131.3429,32.8382,
藻琴山|315,藻琴山,315,peak,9,144.3308,43.7183,
太平山|315,太平山,315,peak,9,140.3064,39.8031,
太郎山|315,太郎山,315,peak,9,139.4823,36.8254,
帯広岳|315,帯広岳,315,peak,9,142.8914,42.7657,
大岳山|315,大岳山,315,peak,9,139.1309,35.7737,
大佐山|315,大佐山,315,peak,9,132.2019,34.7557,
大山|315#2,大山,315,peak,9,139.2309,35.4491,
大室山|315,大室山,315,peak,9,139.0691,35.502,
大森岳|315,大森岳,315,peak,9,131.1735,32.0874,
大千軒岳|315,大千軒岳,315,peak,9,140.1564,41.5875,
大川山|315,大川山,315,peak,9,133.9362,34.1215,
大船山|315,大船山,315,peak,9,131.2902,33.1023,
大倉山|315,大倉山,315,peak,9,133.3569,35.124,
大滝根山|315,大滝根山,315,peak,9,140.7016,37.3644,
大天井岳|315,大天井岳,315,peak,9,137.7014,36.3771,
大塔山|315,大塔山,315,peak,9,135.7138,33.7379,
大日ヶ岳|315,大日ヶ岳,315,peak,9,136.8373,36.0088,
大日岳|315,大日岳,315,peak,9,139.6609,37.8194,
大日山|315,大日山,315,peak,9,136.4917,36.1711,
大菩薩嶺|315,大菩薩嶺,315,peak,9,138.8449,35.7575,
大峰山|315,大峰山,315,peak,9,138.9309,36.7411,
大崩山|315,大崩山,315,peak,9,131.5074,32.747,
大万木山|315,大万木山,315,peak,9,132.8561,35.0958,
大無間山|315,大無間山,315,peak,9,138.1606,35.2662,
鷹ノ巣山|315,鷹ノ巣山,315,peak,9,137.4918,35.1643,
鷹の巣山|315,鷹の巣山,315,peak,9,139.0124,35.8376,
谷川岳|315,谷川岳,315,peak,9,138.879,36.8278,
樽前山|315,樽前山,315,peak,9,141.3899,42.6818,
丹沢山|315,丹沢山,315,peak,9,139.1612,35.4651,
段ヶ峰|315,段ヶ峰,315,peak,9,134.7277,35.2003,
男鹿岳|315,男鹿岳,315,peak,9,139.8266,37.0948,
知床岳|315,知床岳,315,peak,9,145.288,44.2446,
地蔵岳|315,地蔵岳,315,peak,9,139.4656,36.5976,
池木屋山|315,池木屋山,315,peak,9,136.1247,34.3278,
茶臼岳|315,茶臼岳,315,peak,9,139.9615,37.1173,
茶臼山|315,茶臼山,315,peak,9,137.653,35.2368,
中ノ岳|315,中ノ岳,315,peak,9,139.0833,37.0808,
中岳|315,中岳,315,peak,9,131.2473,33.0972,
中岳|315#2,中岳,315,peak,9,140.9421,40.2506,
忠別岳|315,忠別岳,315,peak,9,142.8909,43.6004,
丁岳|315,丁岳,315,peak,9,140.2285,39.0389,
朝日岳|315,朝日岳,315,peak,9,137.7313,36.838,
朝日岳|315#2,朝日岳,315,peak,9,139.9305,38.2755,
鳥甲山|315,鳥甲山,315,peak,9,138.5829,36.8472,
鶴見岳|315,鶴見岳,315,peak,9,131.4252,33.2698,
天塩岳|315,天塩岳,315,peak,9,142.8808,43.9768,
天山|315,天山,315,peak,9,130.1411,33.3496,
天城山|315,天城山,315,peak,9,139.0037,34.8731,
田代岳|315,田代岳,315,peak,9,140.408,40.4177,
唐松岳|315,唐松岳,315,peak,9,137.7536,36.6928,
東吾妻山|315,東吾妻山,315,peak,9,140.231,37.7041,
東山|315,東山,315,peak,9,137.9661,36.7836,
東太郎山|315,東太郎山,315,peak,9,138.2719,36.4501,
湯殿山|315,湯殿山,315,peak,9,139.979,38.5419,
当間山|315,当間山,315,peak,9,138.7714,37.0174,
堂平山|315,堂平山,315,peak,9,139.1906,36.0159,
道後山|315,道後山,315,peak,9,133.2329,35.0768,
那岐山|315,那岐山,315,peak,9,134.1752,35.158,
鍋倉山|315,鍋倉山,315,peak,9,138.3824,36.9658,
二ッ森|315,二ッ森,315,peak,9,140.1131,40.4433,
二王子岳|315,二王子岳,315,peak,9,139.503,37.9126,
二子山|315,二子山,315,peak,9,138.8773,36.0775,
日山|315,日山,315,peak,9,140.6882,37.5345,
日本平山|315,日本平山,315,peak,9,139.3391,37.6136,
入笠山|315,入笠山,315,peak,9,138.1721,35.8903,
能郷白山|315,能郷白山,315,peak,9,136.5127,35.7724,
伯母子岳|315,伯母子岳,315,peak,9,135.6576,34.0943,
博士山|315,博士山,315,peak,9,139.7152,37.3734,
白雲岳|315,白雲岳,315,peak,9,142.9239,43.6728,
白岩岳|315,白岩岳,315,peak,9,140.7002,39.5933,
白根山|315#2,白根山,315,peak,9,139.3746,36.7844,
白砂山|315,白砂山,315,peak,9,138.6935,36.726,
白神岳|315,白神岳,315,peak,9,140.0163,40.5148,
白髪岳|315,白髪岳,315,peak,9,130.8127,32.4675,
白髪岳|315#2,白髪岳,315,peak,9,130.9394,32.1602,
白木峰|315,白木峰,315,peak,9,137.1138,36.4269,
函岳|315,函岳,315,peak,9,142.4106,44.6776,
箱根山|315,箱根山,315,peak,9,138.9721,35.2636,
八海山|315,八海山,315,peak,9,139.0236,37.113,
八経ヶ岳|315,八経ヶ岳,315,peak,9,135.9072,34.1872,
八溝山|315,八溝山,315,peak,9,140.2748,36.9371,
八幡平|315,八幡平,315,peak,9,140.8512,39.9733,
八風山|315,八風山,315,peak,9,138.5961,36.2905,
八方ヶ岳|315,八方ヶ岳,315,peak,9,130.8243,33.078,
鉢盛山|315,鉢盛山,315,peak,9,137.7509,36.0978,
鉢伏山|315,鉢伏山,315,peak,9,138.059,36.1725,
斑尾山|315,斑尾山,315,peak,9,138.2717,36.8449,
飯士山|315,飯士山,315,peak,9,138.8375,36.962,
飯森山|315,飯森山,315,peak,9,139.9282,37.8271,
飯縄山|315,飯縄山,315,peak,9,138.1364,36.7515,
磐梯山|315,磐梯山,315,peak,9,140.0736,37.6106,
尾鈴山|315,尾鈴山,315,peak,9,131.4207,32.3105,
美瑛岳|315,美瑛岳,315,peak,9,142.7033,43.4517,
姫神山|315,姫神山,315,peak,9,141.2481,39.853,
標津岳|315,標津岳,315,peak,9,144.705,43.6745,
苗場山|315,苗場山,315,peak,9,138.6892,36.8564,
蒜山|315,蒜山,315,peak,9,133.6621,35.3336,
蛭ヶ岳|315,蛭ヶ岳,315,peak,9,139.1412,35.4952,
浜益岳|315,浜益岳,315,peak,9,141.437,43.6901,
瓶ヶ森|315,瓶ヶ森,315,peak,9,133.1941,33.796,
富良野岳|315,富良野岳,315,peak,9,142.6293,43.3842,
布部岳|315,布部岳,315,peak,9,142.2908,43.3081,
武甲山|315,武甲山,315,peak,9,139.1024,35.9424,
武石峰|315,武石峰,315,peak,9,138.0848,36.2577,
武尊山|315,武尊山,315,peak,9,139.136,36.8137,
武奈ヶ岳|315,武奈ヶ岳,315,peak,9,135.8969,35.2774,
武利岳|315,武利岳,315,peak,9,143.1713,43.7432,
部子山|315,部子山,315,peak,9,136.4365,35.896,
風不死岳|315,風不死岳,315,peak,9,141.3772,42.7255,
物見山|315,物見山,315,peak,9,138.6033,36.2549,
平ヶ岳|315,平ヶ岳,315,peak,9,139.1667,37.0157,
平家ヶ岳|315,平家ヶ岳,315,peak,9,131.8799,34.3264,
平家岳|315,平家岳,315,peak,9,136.7182,35.8221,
別山|315,別山,315,peak,9,136.7621,36.115,
蓬莱山|315,蓬莱山,315,peak,9,135.8846,35.2195,
豊似岳|315,豊似岳,315,peak,9,143.2317,42.0874,
鳳凰山|315,鳳凰山,315,peak,9,138.3064,35.7113,
北見富士|315,北見富士,315,peak,9,143.1254,44.0224,
北見富士|315#2,北見富士,315,peak,9,143.2885,43.707,
本倶登山|315,本倶登山,315,peak,9,140.913,42.9647,
本白根山|315,本白根山,315,peak,9,138.5282,36.6085,
万年山|315,万年山,315,peak,9,131.121,33.2207,
未丈ヶ岳|315,未丈ヶ岳,315,peak,9,139.1923,37.1922,
妙義山|315,妙義山,315,peak,9,138.7451,36.2891,
妙見山|315,妙見山,315,peak,9,134.6453,35.4175,
妙高山|315,妙高山,315,peak,9,138.1126,36.8815,
無意根山|315,無意根山,315,peak,9,141.0505,42.9373,
霧ヶ峰|315,霧ヶ峰,315,peak,9,138.1886,36.0842,
明神ヶ岳|315,明神ヶ岳,315,peak,9,139.045,35.2983,
明神山|315,明神山,315,peak,9,133.0501,33.5806,
面白山|315,面白山,315,peak,9,140.5251,38.3531,
茂世路岳|315,茂世路岳,315,peak,9,148.834,45.3923,
茂倉岳|315,茂倉岳,315,peak,9,138.9146,36.855,
毛勝山|315,毛勝山,315,peak,9,137.5876,36.7121,
毛無山|315,毛無山,315,peak,9,133.521,35.2425,
野口五郎岳|315,野口五郎岳,315,peak,9,137.6393,36.4445,
薬師岳|315,薬師岳,315,peak,9,137.5428,36.4787,
鑓ヶ岳|315,鑓ヶ岳,315,peak,9,137.7528,36.7342,
涌蓋山|315,涌蓋山,315,peak,9,131.129,33.1577,
由布岳|315,由布岳,315,peak,9,131.384,33.2891,
遊楽部岳|315,遊楽部岳,315,peak,9,140.0084,42.2253,
雄阿寒岳|315,雄阿寒岳,315,peak,9,144.1684,43.4661,
夕張岳|315,夕張岳,315,peak,9,142.2477,43.1141,
余市岳|315,余市岳,315,peak,9,141.0322,43.0417,
余別岳|315,余別岳,315,peak,9,140.4535,43.2698,
葉山|315,葉山,315,peak,9,140.2075,38.5396,
雷電山|315,雷電山,315,peak,9,140.4657,42.9134,
利尻山|315,利尻山,315,peak,9,141.2423,45.1693,
硫黄山|315,硫黄山,315,peak,9,145.1771,44.137,
竜ヶ岳|315,竜ヶ岳,315,peak,9,136.444,35.1292,
竜爪山|315,竜爪山,315,peak,9,138.4015,35.0943,
両神山|315,両神山,315,peak,9,138.8408,36.034,
霊仙山|315,霊仙山,315,peak,9,136.3783,35.2926,
和賀岳|315,和賀岳,315,peak,9,140.7517,39.5569,
鷲ヶ岳|315,鷲ヶ岳,315,peak,9,136.9702,35.9527,
鷲ヶ巣山|315,鷲ヶ巣山,315,peak,9,139.6773,38.2239,
鰐塚山|315,鰐塚山,315,peak,9,131.2708,31.7638,
兀岳|315,兀岳,315,peak,9,137.7025,35.5412,
剱岳|315,剱岳,315,peak,9,137.6149,36.6347,
屏風岳|315,屏風岳,315,peak,9,140.4774,38.1017,
笊ヶ岳|315,笊ヶ岳,315,peak,9,138.2612,35.4377,
莇ヶ岳|315,莇ヶ岳,315,peak,9,131.7759,34.3417,
蓼科山|315,蓼科山,315,peak,9,138.2962,36.1135,
アトサヌプリ|316,アトサヌプリ,316,peak,9,144.435,43.6053,
アポイ岳|316,アポイ岳,316,peak,9,143.0288,42.1187,
ウコタキヌプリ|316,ウコタキヌプリ,316,peak,9,143.8045,43.2141,
オンアネノボリ山|316,オンアネノボリ山,316,peak,9,147.1541,44.6329,
カムイヌプリ|316,カムイヌプリ,316,peak,9,144.5602,43.5617,
パンケ山|316,パンケ山,316,peak,9,142.1492,44.8626,
ピヤシリ山|316,ピヤシリ山,316,peak,9,142.5847,44.4431,
ポロヌプリ山|316,ポロヌプリ山,316,peak,9,142.4292,44.967,
愛宕山|316,愛宕山,316,peak,9,135.6341,35.0716,
愛宕山|316#2,愛宕山,316,peak,9,139.9854,35.1203,
安満岳|316,安満岳,316,peak,9,129.4689,33.3436,
鞍馬山|316,鞍馬山,316,peak,9,135.7675,35.1337,
医王山|316,医王山,316,peak,9,136.7933,36.5226,
烏帽子岳|316,烏帽子岳,316,peak,9,130.6053,31.8825,
雨巻山|316,雨巻山,316,peak,9,140.1437,36.4218,
雲辺寺山|316,雲辺寺山,316,peak,9,133.7313,34.0484,
猿投山|316,猿投山,316,peak,9,137.1665,35.1971,
於茂登岳|316,於茂登岳,316,peak,9,124.1771,24.4303,
加波山|316,加波山,316,peak,9,140.1435,36.3057,
可愛岳|316,可愛岳,316,peak,9,131.6516,32.6638,
河内岳|316,河内岳,316,peak,9,136.8241,37.2208,
階上岳（種市岳）|316,階上岳（種市岳）,316,peak,9,141.5906,40.427,
角山|316,角山,316,peak,9,130.0958,32.4085,
笠取山|316,笠取山,316,peak,9,136.2967,34.7427,
葛城山|316,葛城山,316,peak,9,135.434,34.342,
釜臥山|316,釜臥山,316,peak,9,141.1208,41.2685,
寒風山|316,寒風山,316,peak,9,139.8699,39.9375,
岩部岳|316,岩部岳,316,peak,9,140.3105,41.534,
鬼岳|316,鬼岳,316,peak,9,128.8471,32.6508,
久慈平岳|316,久慈平岳,316,peak,9,141.609,40.3473,
久能山|316,久能山,316,peak,9,138.4466,34.9899,
宮塚山|316,宮塚山,316,peak,9,139.2795,34.505,
鋸山|316,鋸山,316,peak,9,138.9353,37.4026,
鋸山|316#2,鋸山,316,peak,9,139.8314,35.1784,
琴平山|316,琴平山,316,peak,9,133.7934,34.1959,
金川岳|316,金川岳,316,peak,9,129.4258,28.2217,
金峰山|316,金峰山,316,peak,9,130.6377,32.8232,
狗留孫山|316,狗留孫山,316,peak,9,130.9775,34.221,
熊ヶ峰|316,熊ヶ峰,316,peak,9,133.3666,34.43,
恵山|316,恵山,316,peak,9,141.1623,41.7944,
経読岳|316,経読岳,316,peak,9,131.0302,33.5269,
権現山|316,権現山,316,peak,9,130.0225,32.2469,
古岳|316,古岳,316,peak,9,130.2134,30.4472,
古見岳|316,古見岳,316,peak,9,123.8937,24.3676,
御岳|316,御岳,316,peak,9,129.7164,29.6475,
御月山|316,御月山,316,peak,9,141.0519,40.0375,
御山|316,御山,316,peak,9,139.5794,33.8552,
江良岳|316,江良岳,316,peak,9,139.365,41.5237,
荒沢山|316,荒沢山,316,peak,9,140.9094,41.3869,
荒雄岳|316,荒雄岳,316,peak,9,140.6916,38.8412,
香ノ木山|316,香ノ木山,316,peak,9,129.4071,34.6117,
高縄山|316,高縄山,316,peak,9,132.8561,33.9472,
高尾山|316,高尾山,316,peak,9,139.2448,35.6181,
高鈴山|316,高鈴山,316,peak,9,140.5919,36.6103,
国見岳|316,国見岳,316,peak,9,136.0868,36.092,
国見山|316,国見山,316,peak,9,129.8076,33.2424,
国見山|316#2,国見山,316,peak,9,130.611,32.1964,
黒髪山|316,黒髪山,316,peak,9,129.902,33.2246,
今ノ山|316,今ノ山,316,peak,9,132.8549,32.8627,
三原山|316,三原山,316,peak,9,139.44,34.7255,
鹿野山|316,鹿野山,316,peak,9,139.9566,35.263,
鹿嵐山|316,鹿嵐山,316,peak,9,131.2483,33.4416,
七ッ岳|316,七ッ岳,316,peak,9,140.2225,41.6329,
室根山|316,室根山,316,peak,9,141.4509,38.9792,
秋葉山|316,秋葉山,316,peak,9,137.8661,34.9908,
昭和新山|316,昭和新山,316,peak,9,140.8597,42.5244,
新保岳|316,新保岳,316,peak,9,139.5183,38.3705,
神威山|316,神威山,316,peak,9,139.444,42.1689,
陣馬山|316,陣馬山,316,peak,9,139.1645,35.6608,
吹越烏帽子|316,吹越烏帽子,316,peak,9,141.3242,41.0489,
星ヶ城山|316,星ヶ城山,316,peak,9,134.3291,34.5245,
清澄山|316,清澄山,316,peak,9,140.1541,35.1671,
生駒山|316,生駒山,316,peak,9,135.6757,34.6655,
西山|316,西山,316,peak,9,139.7548,33.1515,
青麻山|316,青麻山,316,peak,9,140.5926,38.0697,
青野山|316,青野山,316,peak,9,131.797,34.4524,
石動山|316,石動山,316,peak,9,136.9726,36.9585,
折爪岳|316,折爪岳,316,peak,9,141.3731,40.2768,
設計山|316,設計山,316,peak,9,140.4856,41.9125,
前岳|316,前岳,316,peak,9,129.924,29.9746,
倉岳|316,倉岳,316,peak,9,130.3224,32.4388,
藻岩山|316,藻岩山,316,peak,9,141.3243,43.0261,
束稲山|316,束稲山,316,peak,9,141.1925,39.0188,
足立山|316,足立山,316,peak,9,130.9234,33.8711,
速日の峰|316,速日の峰,316,peak,9,131.4579,32.5484,
多良岳|316,多良岳,316,peak,9,130.091,32.9696,
太鼓山|316,太鼓山,316,peak,9,135.2043,35.7067,
大観峰|316,大観峰,316,peak,9,131.076,33.0088,
大江高山|316,大江高山,316,peak,9,132.4307,35.0706,
大江山|316,大江山,316,peak,9,135.1073,35.4633,
大室山|316,大室山,316,peak,9,139.0953,34.9109,
大尽山|316,大尽山,316,peak,9,141.061,41.299,
大地山|316,大地山,316,peak,9,138.4902,37.9669,
大平山|316,大平山,316,peak,9,133.9546,34.3395,
鷹ノ巣山|316,鷹ノ巣山,316,peak,9,132.753,34.5743,
鷹取山|316,鷹取山,316,peak,9,130.7146,33.2919,
達磨山|316,達磨山,316,peak,9,138.8399,34.9458,
男体山|316,男体山,316,peak,9,140.4223,36.733,
筑波山|316,筑波山,316,peak,9,140.1052,36.2325,
中津峰山|316,中津峰山,316,peak,9,134.5094,33.9693,
朝熊ヶ岳|316,朝熊ヶ岳,316,peak,9,136.7805,34.4481,
東山|316,東山,316,peak,9,139.7979,33.0734,
東床尾山|316,東床尾山,316,peak,9,134.9258,35.4263,
湯湾岳|316,湯湾岳,316,peak,9,129.3204,28.3066,
堂が森|316,堂が森,316,peak,9,132.8767,33.1488,
那智山|316,那智山,316,peak,9,135.9011,33.7068,
泊山|316,泊山,316,peak,9,145.5017,43.8321,
白旗山|316,白旗山,316,peak,9,134.3858,34.9087,
白鷹山|316,白鷹山,316,peak,9,140.1756,38.2358,
白猪山|316,白猪山,316,peak,9,136.4087,34.5162,
函館山|316,函館山,316,peak,9,140.705,41.7474,
八高山|316,八高山,316,peak,9,138.0298,34.8923,
八重岳|316,八重岳,316,peak,9,127.9351,26.6367,
八重山|316,八重山,316,peak,9,130.4474,31.7417,
八幡岳|316,八幡岳,316,peak,9,140.2286,41.8572,
八郎岳|316,八郎岳,316,peak,9,129.8591,32.6796,
比叡山|316,比叡山,316,peak,9,135.8338,35.0785,
尾ヶ岳|316,尾ヶ岳,316,peak,9,140.7345,38.7206,
尾岳|316,尾岳,316,peak,9,129.74,31.7309,
鼻高山|316,鼻高山,316,peak,9,132.7524,35.417,
百里ヶ岳|316,百里ヶ岳,316,peak,9,135.8185,35.3983,
武山|316,武山,316,peak,9,139.6565,35.2251,
物見山|316,物見山,316,peak,9,141.4097,39.2059,
米山|316,米山,316,peak,9,138.4837,37.2825,
甫与志岳|316,甫与志岳,316,peak,9,130.989,31.2712,
宝達山|316,宝達山,316,peak,9,136.8103,36.7928,
蓬田岳|316,蓬田岳,316,peak,9,140.5417,37.268,
鳳来寺山|316,鳳来寺山,316,peak,9,137.5806,34.994,
幌尻山|316,幌尻山,316,peak,9,142.0141,45.1674,
本山|316,本山,316,peak,9,139.7528,39.8945,
摩耶山|316,摩耶山,316,peak,9,135.2125,34.7384,
毛無山|316,毛無山,316,peak,9,139.8103,42.2912,
野間岳|316,野間岳,316,peak,9,130.1566,31.4108,
野根山|316,野根山,316,peak,9,134.1635,33.4843,
野呂山|316,野呂山,316,peak,9,132.6707,34.2754,
弥山|316,弥山,316,peak,9,132.319,34.27,
弥彦山|316,弥彦山,316,peak,9,138.8102,37.6993,
矢筈岳|316,矢筈岳,316,peak,9,130.4048,32.13,
矢立山|316,矢立山,316,peak,9,129.2269,34.1688,
諭鶴羽山|316,諭鶴羽山,316,peak,9,134.822,34.242,
有珠山|316,有珠山,316,peak,9,140.8212,42.5306,
雄山|316,雄山,316,peak,9,139.5264,34.1003,
与那覇岳|316,与那覇岳,316,peak,9,128.2274,26.7223,
羅臼山|316,羅臼山,316,peak,9,145.7321,43.9885,
立牛岳|316,立牛岳,316,peak,9,143.2712,44.1613,
両子山|316,両子山,316,peak,9,131.6021,33.5889,
霊山|316,霊山,316,peak,9,140.6961,37.7799,
六甲山|316,六甲山,316,peak,9,135.2789,34.7684,
屏風岳|316,屏風岳,316,peak,9,129.3995,33.2263,
屹兎屋山|316,屹兎屋山,316,peak,9,140.8676,37.2183,
鬱岳|316,鬱岳,316,peak,9,143.0822,44.3028,
蘂取岳|316,蘂取岳,316,peak,9,148.5798,45.4117,
サロマ湖|321,サロマ湖,321,lake,7,143.8194,44.1381,
霞ヶ浦|321,霞ヶ浦,321,lake,7,140.3986,36.0523,
屈斜路湖|321,屈斜路湖,321,lake,7,144.3138,43.6256,
支笏湖|321,支笏湖,321,lake,7,141.3194,42.7572,
宍道湖|321,宍道湖,321,lake,7,132.9617,35.4534,
十和田湖|321,十和田湖,321,lake,7,140.8638,40.4565,
小川原湖|321,小川原湖,321,lake,7,141.3182,40.788,
猪苗代湖|321,猪苗代湖,321,lake,7,140.08,37.4962,
洞爺湖|321,洞爺湖,321,lake,7,140.8516,42.6006,
琵琶湖|321,琵琶湖,321,lake,7,136.1045,35.3234,
浜名湖|321,浜名湖,321,lake,7,137.582,34.7097,
風蓮湖|321,風蓮湖,321,lake,7,145.2497,43.3344,
クッチャロ湖|321,クッチャロ湖,321,lake,8,142.2808,45.1513,
コムケ湖|321,コムケ湖,321,lake,8,143.4904,44.2789,
パンケ沼|321,パンケ沼,321,lake,8,141.7137,45.0257,
阿寒湖|321,阿寒湖,321,lake,8,144.0713,43.4487,
芦ノ湖|321,芦ノ湖,321,lake,8,139.0079,35.1951,
一ノ目潟|321,一ノ目潟,321,lake,8,139.7306,39.9513,
一菱内湖|321,一菱内湖,321,lake,8,145.5208,43.8756,
印旛沼|321,印旛沼,321,lake,8,140.2274,35.7607,
温根沼|321,温根沼,321,lake,8,145.506,43.245,
河口湖|321,河口湖,321,lake,8,138.735,35.5252,
倶多楽湖|321,倶多楽湖,321,lake,8,141.1884,42.5116,
湖山池|321,湖山池,321,lake,8,134.1434,35.4984,
厚岸湖|321,厚岸湖,321,lake,8,144.864,43.0456,
糠平湖|321,糠平湖,321,lake,8,143.2119,43.4013,
山中湖|321,山中湖,321,lake,8,138.8717,35.4316,
朱鞠内湖|321,朱鞠内湖,321,lake,8,142.2074,44.3653,
十三湖|321,十三湖,321,lake,8,140.3665,41.0273,
諏訪湖|321,諏訪湖,321,lake,8,138.0449,36.0241,
然別湖|321,然別湖,321,lake,8,143.1337,43.279,
大沼|321,大沼,321,lake,8,141.7429,45.3558,
大沼|321#2,大沼,321,lake,8,140.6865,42.0036,
鷹架沼|321,鷹架沼,321,lake,8,141.3298,40.955,
池田湖|321,池田湖,321,lake,8,130.5663,31.2325,
中海|321,中海,321,lake,8,133.1704,35.4749,
中禅寺湖|321,中禅寺湖,321,lake,8,139.445,36.7254,
田沢湖|321,田沢湖,321,lake,8,140.6628,39.7225,
塘路湖|321,塘路湖,321,lake,8,144.5567,43.1564,
東郷池|321,東郷池,321,lake,8,133.8918,35.4965,
東沸湖|321,東沸湖,321,lake,8,145.6272,43.9342,
涛沸湖|321,涛沸湖,321,lake,8,144.3937,43.9209,
得茂別湖|321,得茂別湖,321,lake,8,147.2182,44.6154,
能取湖|321,能取湖,321,lake,8,144.1516,44.0533,
八郎潟調整池|321,八郎潟調整池,321,lake,8,139.994,39.934,
桧原湖|321,桧原湖,321,lake,8,140.053,37.6909,
北浦|321,北浦,321,lake,8,140.5656,36.0358,
本栖湖|321,本栖湖,321,lake,8,138.5984,35.4612,
摩周湖|321,摩周湖,321,lake,8,144.5409,43.5777,
万石浦|321,万石浦,321,lake,8,141.3913,38.424,
網走湖|321,網走湖,321,lake,8,144.1822,43.9889,
湧洞沼|321,湧洞沼,321,lake,8,143.5559,42.587,
涸沼|321,涸沼,321,lake,8,140.488,36.2958,
阿賀野川|322,阿賀野川,322,river,6,139.1243,37.964,
阿武隈川|322,阿武隈川,322,river,6,140.9079,38.0394,ABUKUMA G.
吉野川|322,吉野川,322,river,6,134.5877,34.0811,YOSHINO G.
熊野川|322,熊野川,322,river,6,136.009,33.7263,
江の川|322,江の川,322,river,6,132.216,35.023,GONOKAWA
最上川|322,最上川,322,river,6,139.8144,38.9111,MOGAMI G.
四万十川|322,四万十川,322,river,6,132.9679,32.9485,Shimanto G.
十勝川|322,十勝川,322,river,6,143.6562,42.6978,TOKACHI G.
信濃川|322,信濃川,322,river,6,139.0121,37.9017,
石狩川|322,石狩川,322,river,6,141.3415,43.2369,ISHIKARI G.
大井川|322,大井川,322,river,6,138.2475,34.7955,Oi G.
筑後川|322,筑後川,322,river,6,130.3428,33.1646,Chikugo G.
天塩川|322,天塩川,322,river,6,141.7041,44.951,Teshio G.
天竜川|322,天竜川,322,river,6,137.783,34.6877,TENRYU G.
北上川|322,北上川,322,river,6,141.4531,38.5686,KITAKAMI G.
利根川|322,利根川,322,river,6,140.8286,35.7415,TONE G.
サロベツ川|322,サロベツ川,322,river,8,141.6732,45.1099,
阿賀川|322,阿賀川,322,river,8,139.8906,37.3291,Aga Gawa
阿寒川|322,阿寒川,322,river,8,144.2636,43.0605,Akan G.
阿仁川|322,阿仁川,322,river,8,140.3772,40.0667,Ani G.
阿武川|322,阿武川,322,river,8,131.4455,34.385,Abu G.
愛知川|322,愛知川,322,river,8,136.053,35.2268,Echi G.
愛知用水|322,愛知用水,322,river,8,137.0034,35.0669,Aichi Yosui
旭川|322,旭川,322,river,8,133.9631,34.6322,Asahi G.
芦田川|322,芦田川,322,river,8,133.4299,34.4175,
芦別川|322,芦別川,322,river,8,142.1506,43.3891,
梓川|322,梓川,322,river,8,137.676,36.1662,Azusa G.
安家川|322,安家川,322,river,8,141.85,40.0644,Akka G.
安芸川|322,安芸川,322,river,8,133.9308,33.5847,Aki G.
安曇川|322,安曇川,322,river,8,135.9642,35.3711,Ado G.
安倍川|322,安倍川,322,river,8,138.3972,34.9166,Abe K.
安平川|322,安平川,322,river,8,141.789,42.6994,Abira G.
安房川|322,安房川,322,river,8,130.6594,30.3098,Anbo G.
伊南川|322,伊南川,322,river,8,139.4744,37.2838,Ina G.
夷隅川|322,夷隅川,322,river,8,140.4176,35.2885,Isumi G.
一ッ瀬川|322,一ッ瀬川,322,river,8,131.5074,32.0471,Hitotsuse G.
烏川|322,烏川,322,river,8,139.0069,36.2955,
羽幌川|322,羽幌川,322,river,8,141.689,44.3722,Haboro G.
雨竜川|322,雨竜川,322,river,8,142.175,44.1014,
浦幌川|322,浦幌川,322,river,8,143.6873,42.9,
雲出川|322,雲出川,322,river,8,136.5518,34.664,Kumozu G.
駅館川|322,駅館川,322,river,8,131.369,33.5837,Yakkan G.
円山川|322,円山川,322,river,8,134.8434,35.6665,Maruyama G.
猿ヶ石川|322,猿ヶ石川,322,river,8,141.2542,39.3551,Sarukaishi G.
猿払川|322,猿払川,322,river,8,142.2366,45.2749,Sarufutsu G.
猿別川|322,猿別川,322,river,8,143.3292,42.8302,
遠賀川|322,遠賀川,322,river,8,130.645,33.9058,Onga G.
遠別川|322,遠別川,322,river,8,141.7738,44.7167,Enbetsu G.
奥入瀬川|322,奥入瀬川,322,river,8,140.9813,40.5313,
王滝川|322,王滝川,322,river,8,137.4448,35.8002,Otaki G.
音更川|322,音更川,322,river,8,143.2554,43.2457,
音別川|322,音別川,322,river,8,143.9288,42.8707,Onbetsu G.
加古川|322,加古川,322,river,8,134.8637,34.8004,
加治川|322,加治川,322,river,8,139.4045,37.9068,
加茂川|322,加茂川,322,river,8,133.1742,33.8596,
嘉瀬川|322,嘉瀬川,322,river,8,130.2222,33.4119,Kase G.
夏井川|322,夏井川,322,river,8,140.7771,37.1821,
河北潟|322,河北潟,322,river,8,136.6401,36.6378,Kahoku Gata
海部川|322,海部川,322,river,8,134.3246,33.6764,Kaifu G.
皆瀬川|322,皆瀬川,322,river,8,140.5568,39.1161,
釜無川|322,釜無川,322,river,8,138.4051,35.7333,
肝属川|322,肝属川,322,river,8,131.0185,31.3627,Kimotsuki G.
関川|322,関川,322,river,8,138.23,37.2178,
岩木川|322,岩木川,322,river,8,140.4033,40.9822,Iwaki G.
気仙川|322,気仙川,322,river,8,141.5665,39.0961,Kesen G.
気田川|322,気田川,322,river,8,137.9292,35.098,Keta G.
紀の川|322,紀の川,322,river,8,135.1184,34.2146,Kinokawa
鬼怒川|322,鬼怒川,322,river,8,139.8694,36.4767,Kinu G.
菊川|322,菊川,322,river,8,138.0631,34.6394,Kiku G.
菊池川|322,菊池川,322,river,8,130.4932,32.8701,Kikuchi G.
吉井川|322,吉井川,322,river,8,134.0927,34.8555,
吉田川|322,吉田川,322,river,8,140.9977,38.4468,Yoshida G.
久慈川|322,久慈川,322,river,8,141.0183,37.7222,Kuji G.
宮川|322,宮川,322,river,8,136.9864,35.6984,Miya G.
球磨川|322,球磨川,322,river,8,130.6404,32.2784,
魚野川|322,魚野川,322,river,8,138.8785,37.0349,
興部川|322,興部川,322,river,8,143.0181,44.4375,Okoppe G.
玉川|322,玉川,322,river,8,140.6139,39.5882,
錦川|322,錦川,322,river,8,132.0844,34.1855,Nishiki G.
九頭竜川|322,九頭竜川,322,river,8,136.1433,36.1581,
空知川|322,空知川,322,river,8,141.9888,43.5482,Sorachi G.
櫛田川|322,櫛田川,322,river,8,136.5676,34.6106,Kushida G.
釧路川|322,釧路川,322,river,8,144.5325,43.2526,
熊野川（新宮川）|322,熊野川（新宮川）,322,river,8,136.021,33.7255,Kumano G.
桂川|322,桂川,322,river,8,135.5174,35.1221,
元浦川|322,元浦川,322,river,8,142.6757,42.1817,Motoura K.
元荒川|322,元荒川,322,river,8,139.737,35.9517,Moto-arakawa
古座川|322,古座川,322,river,8,135.8229,33.5005,Koza G.
古丹別川|322,古丹別川,322,river,8,141.6405,44.2742,Kotanbetsu G.
五ヶ瀬川|322,五ヶ瀬川,322,river,8,131.4214,32.6007,Gokase G.
五戸川|322,五戸川,322,river,8,141.3209,40.5515,Gonobe G.
五十嵐川|322,五十嵐川,322,river,8,139.096,37.5608,Igarashi G.
五十鈴川|322,五十鈴川,322,river,8,136.753,34.5317,
吾妻川|322,吾妻川,322,river,8,138.7135,36.5413,
後志利別川|322,後志利別川,322,river,8,139.8388,42.4235,Shiribeshi-toshibetsu G.
厚狭川|322,厚狭川,322,river,8,131.1535,34.1545,
厚真川|322,厚真川,322,river,8,141.8391,42.6913,Atsuma G.
厚沢部川|322,厚沢部川,322,river,8,140.1227,41.9281,Assabu G.
厚東川|322,厚東川,322,river,8,131.2023,33.9191,Koto G.
厚別川|322,厚別川,322,river,8,142.2847,42.4767,
広瀬川|322,広瀬川,322,river,8,140.7555,38.288,Hirose G.
広渡川|322,広渡川,322,river,8,131.4143,31.5876,Hiroto G.
江の川（可愛川)|322,江の川（可愛川),322,river,8,132.7674,34.7449,
江戸川|322,江戸川,322,river,8,139.8244,35.9541,Edo G.
江合川|322,江合川,322,river,8,141.0676,38.5695,Eai G.
肱川|322,肱川,322,river,8,132.467,33.6235,Hiji K.
荒川|322,荒川,322,river,8,139.5052,36.6731,Arakawa
香東川|322,香東川,322,river,8,134.0524,34.1684,
高原川|322,高原川,322,river,8,137.2953,36.3101,Takahara G.
高瀬川|322,高瀬川,322,river,8,138.6353,37.5972,Takase G.
高津川|322,高津川,322,river,8,131.8188,34.7058,Takatsu G.
高梁川|322,高梁川,322,river,8,133.6069,34.7338,Takahashi G.
黒瀬川|322,黒瀬川,322,river,8,132.6212,34.2848,
黒部川|322,黒部川,322,river,8,137.4177,36.9241,Kurobe G.
今川|322,今川,322,river,8,131.0051,33.7589,Ima G.
佐波川|322,佐波川,322,river,8,131.6266,34.1306,
佐幌川|322,佐幌川,322,river,8,142.8572,43.1452,Sahoro G.
佐呂間別川|322,佐呂間別川,322,river,8,143.8335,44.0096,
沙流川|322,沙流川,322,river,8,141.9966,42.4951,Saru G.
犀川|322,犀川,322,river,8,137.2536,36.5519,Sai G.
桜川|322,桜川,322,river,8,140.1131,36.1323,
鮭川|322,鮭川,322,river,8,140.208,38.814,
札内川|322,札内川,322,river,8,143.1096,42.7649,
鯖石川|322,鯖石川,322,river,8,138.5513,37.3977,Sabaishi G.
鮫川|322,鮫川,322,river,8,140.8159,36.8939,Same G.
三峰川|322,三峰川,322,river,8,137.9995,35.8111,Mibu G.
三面川|322,三面川,322,river,8,139.4344,38.2433,Miomote G.
山国川|322,山国川,322,river,8,131.1888,33.6249,Yamakuni G.
士幌川|322,士幌川,322,river,8,143.2936,43.1282,
子吉川|322,子吉川,322,river,8,140.0012,39.3871,Koyoshi G.
市川|322,市川,322,river,8,134.7511,34.8867,
思川|322,思川,322,river,8,139.7511,36.2908,
止別川|322,止別川,322,river,8,144.4922,43.9372,Yanbetsu G.
耳川|322,耳川,322,river,8,131.6214,32.3278,Mimi G.
七北田川|322,七北田川,322,river,8,141.0184,38.2509,Nanakita G.
篠山川|322,篠山川,322,river,8,135.2681,35.0862,
斜里川|322,斜里川,322,river,8,144.5757,43.7947,
手取川|322,手取川,322,river,8,136.4653,36.4911,Tedori G.
朱太川|322,朱太川,322,river,8,140.2666,42.7735,Shubuto K.
狩野川|322,狩野川,322,river,8,138.8411,35.0778,Kano G.
酒匂川|322,酒匂川,322,river,8,139.1882,35.2518,Sakawa G.
周布川|322,周布川,322,river,8,131.9722,34.8499,Sufu G.
秋川|322,秋川,322,river,8,139.142,35.7457,Aki G.
十津川|322,十津川,322,river,8,135.7673,34.0031,Totsu K.
渋海川|322,渋海川,322,river,8,138.718,37.2322,
重信川|322,重信川,322,river,8,132.6956,33.8034,Shigenobu G.
春別川|322,春別川,322,river,8,145.1277,43.5095,Shunbetsu G.
渚滑川|322,渚滑川,322,river,8,143.317,44.3938,
庶路川|322,庶路川,322,river,8,144.1437,42.9687,Shoro G.
勝浦川|322,勝浦川,322,river,8,134.4926,33.9132,Katsuura G.
小貝川|322,小貝川,322,river,8,140.0164,36.1234,Kokai G.
小丸川|322,小丸川,322,river,8,131.5421,32.1262,Omaru G.
小糸川|322,小糸川,322,river,8,139.8374,35.3613,Koito G.
小瀬川|322,小瀬川,322,river,8,132.1619,34.2562,Oze G.
小田川|322,小田川,322,river,8,133.5996,34.6041,Oda G.
小平蘂川|322,小平蘂川,322,river,8,141.7435,44.0282,Obirashibe G.
小本川|322,小本川,322,river,8,141.9846,39.8499,Omoto G.
小矢部川|322,小矢部川,322,river,8,137.0055,36.7853,Oyabe G.
小櫃川|322,小櫃川,322,river,8,139.8923,35.4114,Obitsu G.
庄川|322,庄川,322,river,8,137.0079,36.6245,
庄内川|322,庄内川,322,river,8,136.827,35.0222,Shonai G.
床丹川|322,床丹川,322,river,8,145.2626,43.4808,Tokotan G.
松浦川|322,松浦川,322,river,8,129.9911,33.3823,Matsuura G.
松田川|322,松田川,322,river,8,132.7124,33.0187,Matsuda G.
沼田川|322,沼田川,322,river,8,132.9189,34.4381,Nuta G.
常願寺川|322,常願寺川,322,river,8,137.2713,36.6559,Joganji G.
常呂川|322,常呂川,322,river,8,144.0653,44.0793,
常浪川|322,常浪川,322,river,8,139.4038,37.6001,
尻別川|322,尻別川,322,river,8,140.3579,42.878,Shiribetsu G.
新冠川|322,新冠川,322,river,8,142.3008,42.3492,Niikappu G.
新田川|322,新田川,322,river,8,141.0267,37.6417,Niida G.
真野川|322,真野川,322,river,8,141.0178,37.689,Mano G.
神戸川|322,神戸川,322,river,8,132.6657,35.3711,Kando G.
神通川|322,神通川,322,river,8,137.2346,36.4497,Jinzu G.
神野瀬川|322,神野瀬川,322,river,8,132.8272,34.959,Kannose G.
神流川|322,神流川,322,river,8,138.9757,36.1137,
仁淀川|322,仁淀川,322,river,8,133.4894,33.4521,Niyodo G.
須川|322,須川,322,river,8,140.3068,38.1365,
裾花川|322,裾花川,322,river,8,137.9997,36.6687,Susobana G.
成羽川|322,成羽川,322,river,8,133.4169,34.8243,Nariwa G.
清津川|322,清津川,322,river,8,138.7475,36.9242,Kiyotsu G.
声問川|322,声問川,322,river,8,141.7624,45.4443,
西城川|322,西城川,322,river,8,132.924,34.8734,Saijo G.
西別川|322,西別川,322,river,8,145.3,43.3838,Nishibetsu G.
請戸川|322,請戸川,322,river,8,140.8378,37.5338,
静間川|322,静間川,322,river,8,132.458,35.2237,Shizuma G.
静内川|322,静内川,322,river,8,142.3639,42.3182,Shizunai G.
赤石川|322,赤石川,322,river,8,140.1867,40.7108,
赤川|322,赤川,322,river,8,139.7688,38.8483,Akagawa
雪裡川|322,雪裡川,322,river,8,144.3682,43.1232,Setsuri G.
千曲川|322,千曲川,322,river,8,138.2188,36.6392,
千歳川|322,千歳川,322,river,8,141.5637,42.9636,Chitose G.
千種川|322,千種川,322,river,8,134.3621,34.8344,Chikusa G.
千代川|322,千代川,322,river,8,134.188,35.5487,Sendai G.
川内川|322,川内川,322,river,8,138.2756,38.9026,Sendai G.
川辺川|322,川辺川,322,river,8,130.8263,32.3295,Kawabe G.
浅瀬石川|322,浅瀬石川,322,river,8,140.6734,40.5661,
然別川|322,然別川,322,river,8,143.1205,43.0177,
祖谷川|322,祖谷川,322,river,8,133.8051,33.9262,Iya G.
早月川|322,早月川,322,river,8,137.4654,36.6915,
早出川|322,早出川,322,river,8,139.2682,37.6737,Hayade G.
早川|322,早川,322,river,8,138.335,35.5128,Hayakawa
相模川|322,相模川,322,river,8,139.3674,35.312,Sagami G.
藻興部川|322,藻興部川,322,river,8,143.1676,44.4745,Mo-okoppe G.
藻琴川|322,藻琴川,322,river,8,144.3363,43.9773,Mokoto G.
藻鼈川|322,藻鼈川,322,river,8,143.3912,44.3354,Mobetsu G.
足羽川|322,足羽川,322,river,8,136.2827,36.0376,Asuwa G.
足寄川|322,足寄川,322,river,8,143.6715,43.2731,Ashoro G.
損斐川|322,損斐川,322,river,8,136.4866,35.5385,Ibi G.
多摩川|322,多摩川,322,river,8,139.8051,35.5233,Tama G.
太田川|322,太田川,322,river,8,135.1658,34.5202,Ota G.
胎内川|322,胎内川,322,river,8,139.3544,38.1038,Tainai G.
大聖寺川|322,大聖寺川,322,river,8,136.2315,36.2999,Daishoji G.
大谷川|322,大谷川,322,river,8,139.6453,36.7543,Daiya G.
大分川|322,大分川,322,river,8,131.608,33.27,
大野川|322,大野川,322,river,8,138.3355,39.7627,Ono G.
大淀川|322,大淀川,322,river,8,131.4676,31.8898,Oyodo G.
大和川|322,大和川,322,river,8,135.4034,34.6044,Yamato G.
只見川|322,只見川,322,river,8,139.6869,37.5242,
胆沢川|322,胆沢川,322,river,8,140.9887,39.1425,Isawa G.
知内川|322,知内川,322,river,8,140.4338,41.5954,Shiriuchi G.
竹野川|322,竹野川,322,river,8,135.1009,35.7543,Takeno G.
茶路川|322,茶路川,322,river,8,144.0706,42.9413,Charo G.
中津川|322,中津川,322,river,8,138.6502,36.895,
忠別川|322,忠別川,322,river,8,142.5465,43.6558,Chubetsu G.
忠類川|322,忠類川,322,river,8,145.1012,43.7269,Churui G.
長流川|322,長流川,322,river,8,140.8344,42.4648,Osaru G.
長良川|322,長良川,322,river,8,136.931,35.6471,
鶴見川|322,鶴見川,322,river,8,139.6884,35.4582,Tsurumi G.
堤川|322,堤川,322,river,8,140.7412,40.755,
梯川|322,梯川,322,river,8,136.4056,36.4257,Kakehashi G.
笛吹川|322,笛吹川,322,river,8,138.7636,35.7996,
天の川|322,天の川,322,river,8,140.148,41.7582,Amanokawa
天降川|322,天降川,322,river,8,130.7363,31.7036,Amori G.
天神川|322,天神川,322,river,8,133.8564,35.511,Tenjin G.
田川|322,田川,322,river,8,139.8934,36.4755,
田名部川|322,田名部川,322,river,8,141.283,41.3259,Tanabu G.
渡良瀬川|322,渡良瀬川,322,river,8,139.5023,36.2869,Watarase G.
土器川|322,土器川,322,river,8,133.7963,34.3137,Doki G.
土岐川|322,土岐川,322,river,8,137.1092,35.2955,
島田川|322,島田川,322,river,8,131.9048,33.9397,
梼原川|322,梼原川,322,river,8,132.9408,33.2719,Yusuhara G.
当別川|322,当別川,322,river,8,141.5599,43.2789,
当幌川|322,当幌川,322,river,8,145.1277,43.5781,
銅山川|322,銅山川,322,river,8,133.5562,33.9384,Dozan G.
徳志別川|322,徳志別川,322,river,8,142.6654,44.8452,Tokushibetsu G.
頓別川|322,頓別川,322,river,8,142.4,45.1334,Tonbetsu G.
奈半利川|322,奈半利川,322,river,8,134.0741,33.4948,Nahari G.
奈良井川|322,奈良井川,322,river,8,137.8837,36.0743,
那珂川|322,那珂川,322,river,8,140.3906,36.5169,Naka G.
那賀川|322,那賀川,322,river,8,134.6992,33.9499,Naka G.
日光川|322,日光川,322,river,8,136.7564,35.186,Nikko G.
日向川|322,日向川,322,river,8,139.8247,38.9962,
日高川|322,日高川,322,river,8,135.1473,33.8724,Hidaka G.
日高幌別川|322,日高幌別川,322,river,8,142.847,42.1301,Hidaka-horobetsu G.
日置川|322,日置川,322,river,8,135.4857,33.6604,
日野川|322,日野川,322,river,8,135.2745,35.4707,Hino G.
入間川|322,入間川,322,river,8,139.1971,35.8467,Iruma G.
馬瀬川|322,馬瀬川,322,river,8,137.1642,35.7525,
馬淵川|322,馬淵川,322,river,8,141.5377,40.5564,Mabechi G.
伯太川|322,伯太川,322,river,8,133.273,35.3216,
白石川|322,白石川,322,river,8,140.4834,37.964,Shiroishi G.
白川|322,白川,322,river,8,130.8981,32.8529,Shira K.
白老川|322,白老川,322,river,8,141.3508,42.5326,Shiraoi G.
迫川|322,迫川,322,river,8,141.1896,38.7289,
飯梨川|322,飯梨川,322,river,8,133.2063,35.3749,
番匠川|322,番匠川,322,river,8,131.701,32.9427,Banjo G.
磐井川|322,磐井川,322,river,8,140.9949,38.9453,Iwai G.
斐伊川|322,斐伊川,322,river,8,132.8172,35.3996,Hii K.
飛騨川|322,飛騨川,322,river,8,137.1247,35.5231,Hida G.
美瑛川|322,美瑛川,322,river,8,142.3564,43.7051,Biei G.
菱田川|322,菱田川,322,river,8,131.0615,31.4234,Hishida G.
姫川|322,姫川,322,river,8,137.8273,37.0513,Hime K.
標津川|322,標津川,322,river,8,145.041,43.6149,
富士川|322,富士川,322,river,8,138.6389,35.1101,Fuji K.
富田川|322,富田川,322,river,8,135.3866,33.6323,Tonda G.
武庫川|322,武庫川,322,river,8,135.3195,34.8557,Muko G.
風蓮川|322,風蓮川,322,river,8,145.1358,43.2563,
物部川|322,物部川,322,river,8,133.783,33.6648,Monobe G.
閉伊川|322,閉伊川,322,river,8,141.8646,39.6117,Hei G.
米代川|322,米代川,322,river,8,139.9902,40.2279,Yoneshiro G.
別寒辺牛川|322,別寒辺牛川,322,river,8,144.8234,43.1865,
片品川|322,片品川,322,river,8,139.2115,36.7608,
保倉川|322,保倉川,322,river,8,138.3457,37.1597,Hokura G.
豊似川|322,豊似川,322,river,8,143.3757,42.3786,Toyoni G.
豊川|322,豊川,322,river,8,137.2773,34.7774,Toyo G.
豊平川|322,豊平川,322,river,8,141.246,42.98,Toyohira G.
北見幌別川|322,北見幌別川,322,river,8,142.6345,44.889,Kitami-horobetsu G.
北山川|322,北山川,322,river,8,135.9672,33.9757,
北川|322,北川,322,river,8,135.8324,35.4799,
堀株川|322,堀株川,322,river,8,140.5196,43.0177,Horikappu K.
幌向川|322,幌向川,322,river,8,141.8098,43.1443,
幌内川|322,幌内川,322,river,8,142.8861,44.6625,Horonai G.
本庄川|322,本庄川,322,river,8,131.3116,31.9745,Honjo G.
万之瀬川|322,万之瀬川,322,river,8,130.2831,31.4471,Manose G.
無加川|322,無加川,322,river,8,143.4681,43.7623,Muka G.
鵡川|322,鵡川,322,river,8,141.92,42.5493,Mu K.
名寄川|322,名寄川,322,river,8,142.7311,44.3342,Nayoro G.
名取川|322,名取川,322,river,8,140.9618,38.1726,Natori G.
鳴瀬川|322,鳴瀬川,322,river,8,141.1353,38.4781,Naruse G.
面河川|322,面河川,322,river,8,132.9547,33.596,
網走川|322,網走川,322,river,8,144.0457,43.7804,
木屋川|322,木屋川,322,river,8,131.074,34.172,
木戸川|322,木戸川,322,river,8,140.8824,37.2839,Kido G.
木曽川|322,木曽川,322,river,8,137.1581,35.3968,KISO G.
木津川|322,木津川,322,river,8,135.8609,34.7712,Kizu G.
野洲川|322,野洲川,322,river,8,135.9641,35.1261,Yasu G.
矢作川|322,矢作川,322,river,8,136.9672,34.8251,Yahagi G.
矢田川|322,矢田川,322,river,8,134.6241,35.5838,
矢部川|322,矢部川,322,river,8,130.3963,33.0809,Yabe G.
勇払川|322,勇払川,322,river,8,141.5345,42.7376,Yufutsu G.
揖斐川|322,揖斐川,322,river,8,136.7159,35.0221,Ibi G.
揖保川|322,揖保川,322,river,8,134.5671,34.7608,Ibo G.
有家川|322,有家川,322,river,8,141.7875,40.3175,Uge G.
有田川|322,有田川,322,river,8,135.0882,34.0842,Arida G.
湧別川|322,湧別川,322,river,8,143.6198,44.2435,
由良川|322,由良川,322,river,8,135.2853,35.5258,Yura G.
遊楽部川|322,遊楽部川,322,river,8,140.2906,42.2748,Yurappu G.
雄物川|322,雄物川,322,river,8,140.0472,39.6879,Omono G.
夕張川|322,夕張川,322,river,8,141.6795,43.1083,Yubari G.
余市川|322,余市川,322,river,8,140.8001,43.2057,Yoichi G.
養老川|322,養老川,322,river,8,140.0661,35.5437,Yoro G.
淀川|322,淀川,322,river,8,135.3917,34.6694,YODO G.
利別川|322,利別川,322,river,8,143.4493,43.0634,
留別川|322,留別川,322,river,8,147.7345,45.0755,
留萌川|322,留萌川,322,river,8,141.734,43.8528,Rumoi G.
緑川|322,緑川,322,river,8,130.5924,32.7177,Midorikawa
鈴鹿川|322,鈴鹿川,322,river,8,136.6462,34.9003,Suzuka G.
歴舟川|322,歴舟川,322,river,8,143.4176,42.4392,Rekifune G.
和賀川|322,和賀川,322,river,8,141.0151,39.2782,Waga K.
椹野川|322,椹野川,322,river,8,131.3841,34.005,Fushino G.
箒川|322,箒川,322,river,8,140.0045,36.8309,
吉備高原|331,吉備高原,331,plateau,8,133.1213,34.7456,
根釧原野|331,根釧原野,331,plain,8,144.6436,43.2895,
根釧台地|331,根釧台地,331,plateau,8,144.7373,43.4153,
宗谷丘陵|331,宗谷丘陵,331,hills,8,142.0213,45.2178,
秋吉台|331,秋吉台,331,plateau,8,131.2736,34.2532,
石見高原|331,石見高原,331,plateau,8,132.2459,34.8583,
丹波高地|331,丹波高地,331,plateau,8,135.4302,35.1744,
東頸城丘陵|331,東頸城丘陵,331,hills,8,138.6523,37.368,
那須野原|331,那須野原,331,plain,8,140.0664,37.0864,
白糠丘陵|331,白糠丘陵,331,hills,8,143.8361,43.0889,
飛騨高地|331,飛騨高地,331,plateau,8,137.1358,36.3983,
尾瀬ヶ原|331,尾瀬ヶ原,331,plateau,8,139.1779,36.9447,
美濃三河高原|331,美濃三河高原,331,plateau,8,137.2165,35.2523,
宇津ノ谷峠|332,宇津ノ谷峠,332,pass,8,138.2097,34.9363,
碓氷峠|332,碓氷峠,332,pass,8,138.6547,36.3408,
塩尻峠|332,塩尻峠,332,pass,8,138.024,36.1004,
関山峠|332,関山峠,332,pass,8,140.5663,38.3847,
雁坂峠|332,雁坂峠,332,pass,8,138.7992,35.886,
紀見峠|332,紀見峠,332,pass,8,135.5888,34.3834,
金精峠|332,金精峠,332,pass,8,139.389,36.8153,
釧北峠|332,釧北峠,332,pass,8,144.0184,43.4724,
笹谷峠|332,笹谷峠,332,pass,8,140.4739,38.2379,
三坂峠|332,三坂峠,332,pass,8,132.8772,33.7118,
士別峠|332,士別峠,332,pass,8,142.1875,44.2179,
狩勝峠|332,狩勝峠,332,pass,8,142.697,43.1491,
十国峠|332,十国峠,332,pass,8,139.0296,35.1227,
十三本木峠|332,十三本木峠,332,pass,8,141.2334,40.077,
十石峠|332,十石峠,332,pass,8,138.6403,36.1027,
渋峠|332,渋峠,332,pass,8,138.4906,36.6582,
小栗峠|332,小栗峠,332,pass,8,130.6422,33.1189,
人形峠|332,人形峠,332,pass,8,133.9172,35.316,
石北峠|332,石北峠,332,pass,8,143.1598,43.6478,
早坂峠|332,早坂峠,332,pass,8,141.5056,39.852,
大越|332,大越,332,pass,8,139.9528,38.5106,
大平峠|332,大平峠,332,pass,8,137.7081,35.568,
地芳峠|332,地芳峠,332,pass,8,132.9428,33.4727,
中山峠|332,中山峠,332,pass,8,141.1005,42.8505,
長野峠|332,長野峠,332,pass,8,136.3297,34.767,
鳥居峠|332,鳥居峠,332,pass,8,137.7998,35.9513,
鳥居峠|332#2,鳥居峠,332,pass,8,138.3937,36.5003,
天城峠|332,天城峠,332,pass,8,138.9341,34.8293,
湯山峠|332,湯山峠,332,pass,8,131.0878,32.3556,
栃ノ木峠|332,栃ノ木峠,332,pass,8,136.1642,35.7055,
内山峠|332,内山峠,332,pass,8,138.6097,36.2266,
日高峠|332,日高峠,332,pass,8,142.457,42.9225,
日勝峠|332,日勝峠,332,pass,8,142.6911,42.9712,
麦草峠|332,麦草峠,332,pass,8,138.3577,36.0658,
発荷峠|332,発荷峠,332,pass,8,140.8694,40.4007,
美幌峠|332,美幌峠,332,pass,8,144.2402,43.6495,
舞台峠|332,舞台峠,332,pass,8,137.325,35.7727,
物見峠|332,物見峠,332,pass,8,134.1599,35.2268,
北見峠|332,北見峠,332,pass,8,142.9579,43.868,
野麦峠|332,野麦峠,332,pass,8,137.6141,36.0569,
立丸峠|332,立丸峠,332,pass,8,141.6742,39.4685,
礼文華峠|332,礼文華峠,332,pass,8,140.5546,42.6019,
鈴鹿峠|332,鈴鹿峠,332,pass,8,136.3414,34.8992,
篭坂峠|332,篭坂峠,332,pass,8,138.8397,35.389,
和田峠|332,和田峠,332,pass,8,138.1349,36.147,
くじゅう連山|333,くじゅう連山,333,range,6,131.2492,33.0858,
奥羽山脈|333,奥羽山脈,333,range,6,140.7053,39.1468,
九州山地|333,九州山地,333,range,6,131.117,32.5292,
四国山地|333,四国山地,333,range,6,133.3744,33.6855,
中国山地|333,中国山地,333,range,6,133.3349,35.0564,
日高山脈|333,日高山脈,333,range,6,142.8666,42.6337,
霧島山|333,霧島山,333,range,6,130.8616,31.9341,
阿武隈高地|333,阿武隈高地,333,plateau,8,140.7956,37.4809,
伊吹山地|333,伊吹山地,333,range,8,136.2912,35.6386,
越後山脈|333,越後山脈,333,range,8,139.4258,37.4552,
越後平野|333,越後平野,333,plain,8,138.9142,37.8171,
横手盆地|333,横手盆地,333,basin,8,140.5093,39.4184,
関東山地|333,関東山地,333,range,8,138.7487,35.9691,
関東平野|333,関東平野,333,plain,8,139.605,36.0652,
紀伊山地|333,紀伊山地,333,range,8,135.6647,33.93,
釧路平野|333,釧路平野,333,plain,8,144.2896,43.0521,
熊本平野|333,熊本平野,333,plain,8,130.6264,32.7431,
讃岐山脈|333,讃岐山脈,333,range,8,134.0315,34.1368,
十勝平野|333,十勝平野,333,plain,8,143.0657,42.8619,
出羽山地|333,出羽山地,333,range,8,140.3277,39.7251,
庄内平野|333,庄内平野,333,plain,8,139.8954,38.938,
身延山地|333,身延山地,333,range,8,138.3388,35.2913,
石狩山地|333,石狩山地,333,range,8,142.8072,43.4888,
石狩平野|333,石狩平野,333,plain,8,141.2687,43.1456,
赤石山脈|333,赤石山脈,333,range,8,138.2341,35.5202,
仙台平野|333,仙台平野,333,plain,8,141.0713,38.5264,
増毛山地|333,増毛山地,333,range,8,141.5259,43.6882,
足尾山地|333,足尾山地,333,range,8,139.5511,36.6144,
筑紫山地|333,筑紫山地,333,range,8,130.602,33.4744,
筑紫平野|333,筑紫平野,333,plain,8,130.3548,33.2812,
中国山地|333#2,中国山地,333,range,8,132.756,34.8668,
津軽平野|333,津軽平野,333,plain,8,140.3383,40.8338,
天塩山地|333,天塩山地,333,range,8,142.0206,44.4627,
濃尾平野|333,濃尾平野,333,plain,8,136.6198,35.2619,
白神山地|333,白神山地,333,range,8,140.1227,40.4767,
飛騨山脈|333,飛騨山脈,333,range,8,137.6559,36.5444,
北見山地|333,北見山地,333,range,8,143.1955,44.1073,
北上高地|333,北上高地,333,plateau,8,141.6388,39.6372,
木曽山脈|333,木曽山脈,333,range,8,137.84,35.7231,
夕張山地|333,夕張山地,333,range,8,142.1274,43.3244,
両白山地|333,両白山地,333,range,8,136.7798,36.2285,
鈴鹿山脈|333,鈴鹿山脈,333,range,8,136.4337,35.023,
安渡移矢岬|343,安渡移矢岬,343,cape,7,146.571,44.4536,
伊良湖岬|343,伊良湖岬,343,cape,7,137.0254,34.5857,
襟裳岬|343,襟裳岬,343,cape,7,143.2425,41.9295,
経ヶ岬|343,経ヶ岬,343,cape,7,135.2196,35.7766,
犬吠埼|343,犬吠埼,343,cape,7,140.8662,35.7082,
御前崎|343,御前崎,343,cape,7,138.2241,34.603,
佐多岬|343,佐多岬,343,cape,7,130.6635,30.9941,
佐田岬|343,佐田岬,343,cape,7,132.0208,33.3453,
三崎|343,三崎,343,cape,7,133.5563,34.261,
室戸岬|343,室戸岬,343,cape,7,134.1692,33.2477,
珠洲岬|343,珠洲岬,343,cape,7,137.3425,37.5139,
宗谷岬|343,宗谷岬,343,cape,7,141.9344,45.5221,
尻屋崎|343,尻屋崎,343,cape,7,141.4582,41.4232,
石廊崎|343,石廊崎,343,cape,7,138.8449,34.6034,
積丹岬|343,積丹岬,343,cape,7,140.4733,43.3707,
足摺岬|343,足摺岬,343,cape,7,133.0139,32.7258,
大王崎|343,大王崎,343,cape,7,136.8905,34.2823,
大間崎|343,大間崎,343,cape,7,140.9173,41.5401,
大岬|343,大岬,343,cape,7,147.9251,45.4313,
知床岬|343,知床岬,343,cape,7,145.3323,44.3402,
潮岬|343,潮岬,343,cape,7,135.7591,33.4396,
都井岬|343,都井岬,343,cape,7,131.3438,31.3689,
日御碕|343,日御碕,343,cape,7,132.6288,35.4326,
入道崎|343,入道崎,343,cape,7,139.6961,39.9922,
納沙布岬|343,納沙布岬,343,cape,7,145.8087,43.3815,
門倉岬|343,門倉岬,343,cape,7,130.8657,30.3521,
野間岬|343,野間岬,343,cape,7,130.108,31.4105,
野島崎|343,野島崎,343,cape,7,139.8877,34.9028,
野母崎|343,野母崎,343,cape,7,129.731,32.5718,
龍飛崎|343,龍飛崎,343,cape,7,140.3394,41.2515,
ウナリ崎|343,ウナリ崎,343,cape,8,123.7534,24.42,
エイタンノット崎|343,エイタンノット崎,343,cape,8,146.9171,43.8469,
カンナ崎|343,カンナ崎,343,cape,8,127.9197,26.2897,
クンネウエンシリ鼻|343,クンネウエンシリ鼻,343,cape,8,146.9287,44.6393,
ケラムイ崎|343,ケラムイ崎,343,cape,8,145.5355,43.6453,
コンブウス崎|343,コンブウス崎,343,cape,8,146.6383,43.6912,
セリイ岬|343,セリイ岬,343,cape,8,129.9199,30.0153,
セリ岬|343,セリ岬,343,cape,8,129.9236,29.8222,
チキウ岬|343,チキウ岬,343,cape,8,141.0099,42.2898,
ノツエト崎|343,ノツエト崎,343,cape,8,145.4233,43.7153,
パイミ崎|343,パイミ崎,343,cape,8,123.6515,24.3011,
ハッチャス崎|343,ハッチャス崎,343,cape,8,145.39,43.8283,
ポロノツ鼻|343,ポロノツ鼻,343,cape,8,147.087,44.8211,
ラッキベツ岬|343,ラッキベツ岬,343,cape,8,148.9039,45.5061,
ルルイ岬|343,ルルイ岬,343,cape,8,146.1611,44.5252,
綾里崎|343,綾里崎,343,cape,8,141.8668,39.0275,
伊仙崎|343,伊仙崎,343,cape,8,128.9304,27.6501,
井の岬|343,井の岬,343,cape,8,133.0956,33.0159,
稲穂岬|343,稲穂岬,343,cape,8,139.5559,42.255,
烏ヶ首岬|343,烏ヶ首岬,343,cape,8,138.0738,37.1833,
鵜ノ尾岬|343,鵜ノ尾岬,343,cape,8,140.9999,37.8258,
永田岬|343,永田岬,343,cape,8,130.3607,30.3889,
越前岬|343,越前岬,343,cape,8,135.9345,35.9844,
猿山岬|343,猿山岬,343,cape,8,136.7022,37.3262,
塩屋埼|343,塩屋埼,343,cape,8,140.9903,36.9949,
乙知志岬|343,乙知志岬,343,cape,8,148.2523,45.1716,
加佐ノ岬|343,加佐ノ岬,343,cape,8,136.2995,36.3544,
夏泊崎|343,夏泊崎,343,cape,8,140.864,41.0185,
火崎|343,火崎,343,cape,8,131.1332,31.2853,
花咲岬|343,花咲岬,343,cape,8,145.6001,43.28,
海士岬|343,海士岬,343,cape,8,136.6572,37.1477,
海豚鼻|343,海豚鼻,343,cape,8,129.7049,33.6935,
鎧崎|343,鎧崎,343,cape,8,136.9315,34.4117,
笠利崎|343,笠利崎,343,cape,8,129.6909,28.5465,
樫野崎|343,樫野崎,343,cape,8,135.8731,33.4707,
葛登支岬|343,葛登支岬,343,cape,8,140.6023,41.7324,
叶崎|343,叶崎,343,cape,8,132.7928,32.7365,
蒲戸崎|343,蒲戸崎,343,cape,8,132.0189,33.0587,
蒲生田岬|343,蒲生田岬,343,cape,8,134.7586,33.8436,
観音崎|343,観音崎,343,cape,8,139.7523,35.2532,
関崎|343,関崎,343,cape,8,131.8957,33.2763,
喜志鹿崎|343,喜志鹿崎,343,cape,8,131.0542,30.8592,
宮崎ノ鼻|343,宮崎ノ鼻,343,cape,8,135.0766,34.0677,
魚貫崎|343,魚貫崎,343,cape,8,129.9586,32.2401,
興津岬|343,興津岬,343,cape,8,133.224,33.1407,
郷崎|343,郷崎,343,cape,8,129.202,34.3375,
金見崎|343,金見崎,343,cape,8,128.9795,27.8955,
金田ノ岬|343,金田ノ岬,343,cape,8,141.0226,45.4736,
九木崎|343,九木崎,343,cape,8,136.2899,34.0216,
沓形岬|343,沓形岬,343,cape,8,141.1184,45.182,
恵山岬|343,恵山岬,343,cape,8,141.2021,41.8084,
戸崎鼻|343,戸崎鼻,343,cape,8,131.5036,31.7854,
口ノ鼻|343,口ノ鼻,343,cape,8,129.7578,32.5422,
荒崎|343,荒崎,343,cape,8,127.6683,26.0654,
荒木崎|343,荒木崎,343,cape,8,129.2277,29.127,
荒木崎|343#2,荒木崎,343,cape,8,129.9202,28.2781,
高後崎|343,高後崎,343,cape,8,129.651,33.103,
高山岬|343,高山岬,343,cape,8,131.5905,34.6648,
高島岬|343,高島岬,343,cape,8,141.0356,43.242,
高野崎|343,高野崎,343,cape,8,140.5598,41.2316,
国頭岬|343,国頭岬,343,cape,8,128.7199,27.4349,
黒崎|343,黒崎,343,cape,8,141.944,40.0095,
三木崎|343,三木崎,343,cape,8,136.2833,33.9698,
四季咲岬|343,四季咲岬,343,cape,8,130.0047,32.5306,
市崎|343,市崎,343,cape,8,129.479,28.2085,
汐首岬|343,汐首岬,343,cape,8,140.9687,41.7032,
斜古丹岬|343,斜古丹岬,343,cape,8,146.8347,43.8962,
釈迦ヶ鼻|343,釈迦ヶ鼻,343,cape,8,134.2334,34.4049,
洲根子岬|343,洲根子岬,343,cape,8,140.0633,41.8033,
洲崎|343,洲崎,343,cape,8,139.7427,34.9707,
小泊岬|343,小泊岬,343,cape,8,140.236,41.1228,
常神岬|343,常神岬,343,cape,8,135.8133,35.6484,
植別岬|343,植別岬,343,cape,8,147.658,44.9247,
尻羽岬|343,尻羽岬,343,cape,8,144.7861,42.9305,
真鶴岬|343,真鶴岬,343,cape,8,139.1673,35.141,
神威岬|343,神威岬,343,cape,8,140.3376,43.3302,
神崎|343,神崎,343,cape,8,129.2147,34.0743,
神田岬|343,神田岬,343,cape,8,130.8612,34.2896,
須郷岬|343,須郷岬,343,cape,8,139.9277,40.4224,
瀬戸崎|343,瀬戸崎,343,cape,8,135.321,33.6706,
成生岬|343,成生岬,343,cape,8,135.458,35.6057,
生地鼻|343,生地鼻,343,cape,8,137.4002,36.8977,
西崎|343,西崎,343,cape,8,122.9185,24.45,
青苗岬|343,青苗岬,343,cape,8,139.4409,42.0358,
川尻岬|343,川尻岬,343,cape,8,130.9649,34.4514,
曽津高崎|343,曽津高崎,343,cape,8,129.1179,28.2563,
太東崎|343,太東崎,343,cape,8,140.429,35.3064,
大戸瀬崎|343,大戸瀬崎,343,cape,8,140.0568,40.7779,
大崎|343,大崎,343,cape,8,146.582,43.8043,
大崎ヶ鼻|343,大崎ヶ鼻,343,cape,8,132.3959,35.1819,
大崎鼻|343,大崎鼻,343,cape,8,132.3667,33.315,
大須崎|343,大須崎,343,cape,8,141.5561,38.517,
大瀬崎|343,大瀬崎,343,cape,8,128.584,32.6145,
大瀬崎|343#2,大瀬崎,343,cape,8,138.7776,35.0373,
大岬|343#2,大岬,343,cape,8,145.884,44.0192,
沢崎鼻|343,沢崎鼻,343,cape,8,138.2008,37.8247,
弾崎|343,弾崎,343,cape,8,138.5149,38.3422,
地蔵崎|343,地蔵崎,343,cape,8,133.3256,35.5836,
長崎鼻|343,長崎鼻,343,cape,8,130.5866,31.1532,
長手崎|343,長手崎,343,cape,8,137.3627,37.4511,
長尾鼻|343,長尾鼻,343,cape,8,134.0078,35.5431,
鳥崎|343,鳥崎,343,cape,8,139.2675,38.4915,
津崎鼻|343,津崎鼻,343,cape,8,129.6613,33.4014,
爪木崎|343,爪木崎,343,cape,8,138.9915,34.6609,
釣掛埼|343,釣掛埼,343,cape,8,129.6648,31.6242,
鶴御崎|343,鶴御崎,343,cape,8,132.0938,32.9332,
天狗鼻|343,天狗鼻,343,cape,8,130.1571,31.7892,
天仁屋崎|343,天仁屋崎,343,cape,8,128.1521,26.5637,
東平安名岬|343,東平安名岬,343,cape,8,125.4632,24.7116,
湯沸岬|343,湯沸岬,343,cape,8,145.185,43.0757,
難波岬|343,難波岬,343,cape,8,139.3423,41.4903,
日ノ御埼|343,日ノ御埼,343,cape,8,135.0611,33.8704,
猫崎|343,猫崎,343,cape,8,134.7648,35.6869,
能取岬|343,能取岬,343,cape,8,144.2611,44.1093,
波戸岬|343,波戸岬,343,cape,8,129.834,33.5537,
波勝崎|343,波勝崎,343,cape,8,138.7244,34.6908,
波渡崎|343,波渡崎,343,cape,8,139.6143,38.6847,
白神岬|343,白神岬,343,cape,8,140.1976,41.3884,
八幡岬|343,八幡岬,343,cape,8,140.3129,35.1283,
帆前岬|343,帆前岬,343,cape,8,145.8449,43.4512,
備瀬崎|343,備瀬崎,343,cape,8,127.874,26.7217,
尾花岬|343,尾花岬,343,cape,8,139.7605,42.3073,
尾崎|343,尾崎,343,cape,8,141.9773,39.2453,
姫崎|343,姫崎,343,cape,8,138.5668,38.097,
冨崎（観音埼）|343,冨崎（観音埼）,343,cape,8,124.105,24.3649,
物見崎|343,物見崎,343,cape,8,141.4074,41.1264,
平久保崎|343,平久保崎,343,cape,8,124.3124,24.6167,
平根崎|343,平根崎,343,cape,8,132.1264,33.6958,
閉伊崎|343,閉伊崎,343,cape,8,142.0326,39.6512,
辺戸岬|343,辺戸岬,343,cape,8,128.2561,26.882,
弁慶岬|343,弁慶岬,343,cape,8,140.1897,42.8344,
坊岬|343,坊岬,343,cape,8,130.2003,31.2407,
北海岬|343,北海岬,343,cape,8,140.7689,41.1316,
本山岬|343,本山岬,343,cape,8,131.1757,33.9283,
茂津多岬|343,茂津多岬,343,cape,8,139.8144,42.6102,
野寒布岬|343,野寒布岬,343,cape,8,141.6433,45.4587,
野原崎|343,野原崎,343,cape,8,124.2561,24.4328,
野崎|343,野崎,343,cape,8,130.1307,30.4842,
野塚崎|343,野塚崎,343,cape,8,147.5011,44.7887,
野斗路岬|343,野斗路岬,343,cape,8,147.4911,45.1094,
野付崎|343,野付崎,343,cape,8,145.2983,43.5341,
由良岬|343,由良岬,343,cape,8,132.3756,33.0179,
雄冬岬|343,雄冬岬,343,cape,8,141.3213,43.7168,
羅臼崎|343,羅臼崎,343,cape,8,145.793,43.9305,
落石岬|343,落石岬,343,cape,8,145.5208,43.1526,
立石岬|343,立石岬,343,cape,8,136.018,35.7719,
留夜別岬|343,留夜別岬,343,cape,8,146.0529,44.1844,
龍舞崎|343,龍舞崎,343,cape,8,141.632,38.8266,
和田岬|343,和田岬,343,cape,8,135.1851,34.6391,
剱崎|343,剱崎,343,cape,8,139.6853,35.1441,
棹崎|343,棹崎,343,cape,8,129.3125,34.6581,
舮作崎|343,舮作崎,343,cape,8,139.8422,40.6095,
蘂取岬|343,蘂取岬,343,cape,8,148.6443,45.5386,
鮑荒崎|343,鮑荒崎,343,cape,8,141.6021,38.2759,
魹ヶ崎|343,魹ヶ崎,343,cape,8,142.0779,39.5472,
瀬戸内海|344,瀬戸内海,344,sea,4,133.8478,34.3967,
日本海|344,日本海,344,sea,4,134.7473,38.7562,
北太平洋|344,北太平洋,344,sea,4,147.4626,30.6521,
オホーツク海|344,オホーツク海,344,sea,8,143.8279,45.3111,
安芸灘|344,安芸灘,344,sea,8,132.229,34.0859,
伊予灘|344,伊予灘,344,sea,8,132.0268,33.5468,
宇和海|344,宇和海,344,sea,8,132.1336,33.247,
遠州灘|344,遠州灘,344,sea,8,137.5996,34.3825,
響灘|344,響灘,344,sea,8,130.7092,34.1945,
熊野灘|344,熊野灘,344,sea,8,136.4337,33.8017,
玄界灘|344,玄界灘,344,sea,8,129.9356,33.9639,
斎灘|344,斎灘,344,sea,8,132.7135,34.0694,
鹿島灘|344,鹿島灘,344,sea,8,140.7767,36.1711,
周防灘|344,周防灘,344,sea,8,131.2791,33.7974,
瀬戸内海|344#2,瀬戸内海,344,sea,8,132.9641,34.1485,
相模灘|344,相模灘,344,sea,8,139.2946,34.9887,
天草灘|344,天草灘,344,sea,8,129.8347,32.3936,
東シナ海|344,東シナ海,344,sea,8,127.4895,30.3456,
日向灘|344,日向灘,344,sea,8,131.8421,32.0875,
日本海|344#2,日本海,344,sea,8,134.3583,37.1037,
日本海|344#3,日本海,344,sea,8,140.3733,44.2713,
播磨灘|344,播磨灘,344,sea,8,134.4682,34.4876,
八代海|344,八代海,344,sea,8,130.3971,32.3321,
北太平洋|344#2,北太平洋,344,sea,8,131.3055,29.6215,
北太平洋|344#3,北太平洋,344,sea,8,138.8737,33.3334,
北太平洋|344#4,北太平洋,344,sea,8,144.222,40.5109,
有明海|344,有明海,344,sea,8,130.2264,33.0953,
燧灘|344,燧灘,344,sea,8,133.246,34.0848,
対馬海峡|345,対馬海峡,345,strait,6,128.3334,33.5185,
択捉海峡|345,択捉海峡,345,strait,6,149.0072,45.5943,
ナヨカ湾|345,ナヨカ湾,345,bay,8,147.8681,45.2481,
伊勢湾|345,伊勢湾,345,bay,8,136.7043,34.82,
伊良湖水道|345,伊良湖水道,345,strait,8,136.8972,34.6256,
壱岐水道|345,壱岐水道,345,strait,8,129.6977,33.6249,
隠岐海峡|345,隠岐海峡,345,strait,8,133.0122,35.8114,
隠岐堆|345,隠岐堆,345,reef,8,134.3089,36.7226,
臼杵湾|345,臼杵湾,345,bay,8,131.8473,33.1536,
浦賀水道|345,浦賀水道,345,strait,8,139.7918,35.2409,
紀伊水道|345,紀伊水道,345,strait,8,134.8809,33.9567,
橘湾|345,橘湾,345,bay,8,130.0335,32.7252,
襟裳海山|345,襟裳海山,345,seamount,8,144.8225,40.9592,
金武湾|345,金武湾,345,bay,8,127.875,26.4076,
厚岸湾|345,厚岸湾,345,bay,8,144.7476,42.9861,
口之島水道|345,口之島水道,345,strait,8,129.7441,29.9424,
広田湾|345,広田湾,345,bay,8,141.6495,38.9976,
広島湾|345,広島湾,345,bay,8,132.3585,34.3225,
国後水道|345,国後水道,345,strait,8,146.755,44.5736,
根室海峡|345,根室海峡,345,strait,8,145.3096,43.6952,
根室湾|345,根室湾,345,bay,8,145.3649,43.3564,
佐渡海峡|345,佐渡海峡,345,strait,8,138.7014,37.9485,
佐伯湾|345,佐伯湾,345,bay,8,131.9798,32.9908,
三河湾|345,三河湾,345,bay,8,137.0335,34.7509,
志布志湾|345,志布志湾,345,bay,8,131.0858,31.385,
鹿児島湾|345,鹿児島湾,345,bay,8,130.6027,31.5045,
七尾湾|345,七尾湾,345,bay,8,136.9357,37.1724,
若狭湾|345,若狭湾,345,bay,8,135.56,35.7161,
種子島海峡|345,種子島海峡,345,strait,8,130.7047,30.4901,
宗谷海峡|345,宗谷海峡,345,strait,8,141.8448,45.6834,
宗谷湾|345,宗谷湾,345,bay,8,141.725,45.4695,
宿毛湾|345,宿毛湾,345,bay,8,132.5706,32.8842,
駿河湾|345,駿河湾,345,bay,8,138.6574,34.9684,
色丹水道|345,色丹水道,345,strait,8,146.4206,43.7485,
真野湾|345,真野湾,345,bay,8,138.2183,37.9466,
諏訪之瀬水道|345,諏訪之瀬水道,345,strait,8,129.4917,29.5863,
西水道|345,西水道,345,strait,8,128.6595,34.331,
青森湾|345,青森湾,345,bay,8,140.6926,40.9234,
石巻湾|345,石巻湾,345,bay,8,141.2028,38.3349,
石狩湾|345,石狩湾,345,bay,8,140.9192,43.3172,
仙台湾|345,仙台湾,345,bay,8,141.1208,38.1796,
千島・カムチャツカ海溝|345,千島・カムチャツカ海溝,345,trench,8,145.6523,41.7024,
早崎瀬戸|345,早崎瀬戸,345,strait,8,130.0905,32.5757,
相模湾|345,相模湾,345,bay,8,139.3036,35.2021,
多楽水道|345,多楽水道,345,strait,8,146.1673,43.6251,
対馬海峡|345#2,対馬海峡,345,strait,8,128.7302,33.78,
大隅海峡|345,大隅海峡,345,strait,8,130.8715,30.967,
大阪湾|345,大阪湾,345,bay,8,135.297,34.6233,
大村湾|345,大村湾,345,bay,8,129.8423,33.0349,
大湊湾|345,大湊湾,345,bay,8,141.14,41.2182,
拓洋第一海山|345,拓洋第一海山,345,seamount,8,145.8384,41.3552,
単冠湾|345,単冠湾,345,bay,8,147.6885,44.9641,
中城湾|345,中城湾,345,bay,8,127.8153,26.2257,
中之島水道|345,中之島水道,345,strait,8,129.64,29.7823,
津軽海峡|345,津軽海峡,345,strait,8,140.6617,41.5297,
土佐湾|345,土佐湾,345,bay,8,133.5199,33.3199,
島原湾|345,島原湾,345,bay,8,130.4242,32.6986,
東京湾|345,東京湾,345,bay,8,139.8893,35.5227,
東水道|345,東水道,345,strait,8,129.4584,34.0049,
敦賀湾|345,敦賀湾,345,bay,8,136.0592,35.763,
内浦湾（噴火湾）|345,内浦湾（噴火湾）,345,bay,8,140.6525,42.3154,
内保湾|345,内保湾,345,bay,8,147.0802,44.7067,
日本海溝|345,日本海溝,345,trench,8,144.2113,39.1495,
白山瀬|345,白山瀬,345,bay,8,137.1176,38.5398,
八重干瀬|345,八重干瀬,345,reef,8,125.2617,25.0598,
美保湾|345,美保湾,345,bay,8,133.3157,35.5216,
富山湾|345,富山湾,345,bay,8,137.1118,36.8574,
武蔵堆|345,武蔵堆,345,reef,8,140.2027,44.6577,
福岡湾|345,福岡湾,345,bay,8,130.2683,33.6295,
別府湾|345,別府湾,345,bay,8,131.5747,33.3208,
豊後水道|345,豊後水道,345,strait,8,132.1473,33.1212,
北見大和堆|345,北見大和堆,345,reef,8,144.2872,44.8145,
名護湾|345,名護湾,345,bay,8,127.8664,26.5676,
明石海峡|345,明石海峡,345,strait,8,134.9265,34.6083,
鳴門海峡|345,鳴門海峡,345,strait,8,134.6052,34.3103,
網走湾|345,網走湾,345,bay,8,144.5509,43.9819,
野付水道|345,野付水道,345,strait,8,145.3639,43.691,
野辺地湾|345,野辺地湾,345,bay,8,141.0215,40.9392,
友ヶ島水道|345,友ヶ島水道,345,strait,8,134.9849,34.3522,
利尻水道|345,利尻水道,345,strait,8,141.4442,45.3126,
陸奥湾|345,陸奥湾,345,bay,8,140.8502,41.0685,
留別湾|345,留別湾,345,bay,8,147.6295,45.1082,
両津湾|345,両津湾,345,bay,8,138.4782,38.13,
礼文水道|345,礼文水道,345,strait,8,141.0126,45.2084,
知床半島|346,知床半島,346,peninsula,7,145.0398,44.0956,
渡島半島|346,渡島半島,346,peninsula,7,140.1732,42.1217,
能登半島|346,能登半島,346,peninsula,7,137.058,37.2346,
渥美半島|346,渥美半島,346,peninsula,8,137.1111,34.6064,
伊豆半島|346,伊豆半島,346,peninsula,8,138.9609,34.9256,
宇土半島|346,宇土半島,346,peninsula,8,130.5038,32.6345,
牡鹿半島|346,牡鹿半島,346,peninsula,8,141.4297,38.4114,
下北半島|346,下北半島,346,peninsula,8,141.1345,41.3637,
紀伊半島|346,紀伊半島,346,peninsula,8,135.7124,34.0399,
亀田半島|346,亀田半島,346,peninsula,8,140.7936,41.9151,
高縄半島|346,高縄半島,346,peninsula,8,132.7962,33.9849,
国東半島|346,国東半島,346,peninsula,8,131.5211,33.5377,
根室半島|346,根室半島,346,peninsula,8,145.5579,43.2944,
佐田岬半島|346,佐田岬半島,346,peninsula,8,132.0505,33.3971,
薩摩半島|346,薩摩半島,346,peninsula,8,130.4331,31.491,
三浦半島|346,三浦半島,346,peninsula,8,139.5597,35.3826,
志摩半島|346,志摩半島,346,peninsula,8,136.5577,34.3993,
児島半島|346,児島半島,346,peninsula,8,133.8306,34.5119,
松前半島|346,松前半島,346,peninsula,8,140.339,41.8197,
西彼杵半島|346,西彼杵半島,346,peninsula,8,129.6898,33.0164,
積丹半島|346,積丹半島,346,peninsula,8,140.4575,43.2535,
大隅半島|346,大隅半島,346,peninsula,8,130.9038,31.3117,
丹後半島|346,丹後半島,346,peninsula,8,135.2262,35.6922,
男鹿半島|346,男鹿半島,346,peninsula,8,139.7111,39.9205,
知多半島|346,知多半島,346,peninsula,8,136.8838,34.8927,
津軽半島|346,津軽半島,346,peninsula,8,140.4942,41.0006,
島原半島|346,島原半島,346,peninsula,8,130.29,32.8164,
島根半島|346,島根半島,346,peninsula,8,132.7842,35.4486,
房総半島|346,房総半島,346,peninsula,8,140.1852,35.4277,
九十九里浜|347,九十九里浜,347,beach,8,140.6099,35.6492,
七里長浜|347,七里長浜,347,beach,8,140.303,41.0006,
吹上浜|347,吹上浜,347,beach,8,130.3219,31.5668,
銭洲|347,銭洲,347,beach,8,138.8074,33.9462,
伊豆・小笠原海溝|348,伊豆・小笠原海溝,348,trench,6,142.482,30.3782,
沖大東海嶺|348,沖大東海嶺,348,ridge,6,132.8803,24.0885,
九州・パラオ海嶺|348,九州・パラオ海嶺,348,ridge,6,136.0375,25.1095,
四国海盆|348,四国海盆,348,basin,6,135.824,30.4217,
七島・硫黄島海嶺|348,七島・硫黄島海嶺,348,ridge,6,140.1162,28.2675,
小笠原海台|348,小笠原海台,348,plateau,6,144.4108,26.0287,
第１鹿島海山|348,第１鹿島海山,348,seamount,6,142.6661,35.7412,
南海舟状海盆|348,南海舟状海盆,348,trench,6,135.1603,32.1561,
南西諸島海溝|348,南西諸島海溝,348,trench,6,128.9585,25.6387,
日本海溝|348,日本海溝,348,trench,6,143.9916,38.2608,
福徳海山|348,福徳海山,348,seamount,6,141.6344,24.0781,
北西太平洋海盆|348,北西太平洋海盆,348,basin,6,151.209,35.4931,
北大東海盆|348,北大東海盆,348,basin,6,133.0788,26.5652,
咸臨平頂海山|348,咸臨平頂海山,348,seamount,6,149.9922,24.1696,
伊豆諸島|351,伊豆諸島,351,islands,4,140.2034,33.5242,
隠岐諸島|351,隠岐諸島,351,islands,4,132.7162,36.2432,
宇治群島|351,宇治群島,351,islands,4,129.4341,31.2926,
奄美群島|351,奄美群島,351,islands,4,129.3008,27.557,
沖縄諸島|351,沖縄諸島,351,islands,4,127.6556,26.775,
火山（硫黄）列島|351,火山（硫黄）列島,351,islands,4,140.8626,25.6056,
宮古列島|351,宮古列島,351,islands,4,125.2428,24.5109,
五島列島|351,五島列島,351,islands,4,128.6252,32.9534,
甑島列島|351,甑島列島,351,islands,4,129.6593,31.8052,
薩南諸島|351,薩南諸島,351,islands,4,130.7318,28.7628,
歯舞群島|351,歯舞群島,351,islands,4,145.9973,43.6569,
小笠原群島|351,小笠原群島,351,islands,4,141.795,27.1594,
小笠原諸島|351,小笠原諸島,351,islands,4,141.9434,25.3254,
先島諸島|351,先島諸島,351,islands,4,124.2609,25.1179,
尖閣諸島|351,尖閣諸島,351,islands,4,123.9162,26.1049,
草垣群島|351,草垣群島,351,islands,4,129.4107,30.9552,
大東諸島|351,大東諸島,351,islands,4,130.8279,25.2087,
男女群島|351,男女群島,351,islands,4,128.735,32.0721,
天草諸島|351,天草諸島,351,islands,4,130.1234,32.2871,
吐噶喇列島|351,吐噶喇列島,351,islands,4,130.0658,29.4432,
南西諸島|351,南西諸島,351,islands,4,127.1297,28.1556,
八重山列島|351,八重山列島,351,islands,4,123.8393,23.8934,
琉球諸島|351,琉球諸島,351,islands,4,125.7591,24.4809,
伊豆諸島|351#2,伊豆諸島,351,islands,8,139.6864,34.1146,
伊豆諸島|351#3,伊豆諸島,351,islands,8,140.0942,31.0879,
塩飽諸島|351,塩飽諸島,351,islands,8,133.6504,34.3378,
家島諸島|351,家島諸島,351,islands,8,134.4709,34.6259,
火山(硫黄)列島|351,火山(硫黄)列島,351,islands,8,141.4624,25.0778,
慶良間列島|351,慶良間列島,351,islands,8,127.2399,26.1132,
芸予諸島|351,芸予諸島,351,islands,8,132.561,34.1624,
五島列島|351#2,五島列島,351,islands,8,128.9469,33.0605,
薩南諸島|351#2,薩南諸島,351,islands,8,129.741,29.1902,
先島諸島|351#2,先島諸島,351,islands,8,124.2265,24.6988,
対馬|351,対馬,351,islands,8,129.4505,34.4409,
大隅諸島|351,大隅諸島,351,islands,8,130.4874,30.5773,
大東諸島|351#2,大東諸島,351,islands,8,131.1174,24.5246,
大東諸島|351#3,大東諸島,351,islands,8,131.1617,25.7758,
男女群島|351#2,男女群島,351,islands,8,128.3807,32.0782,
南西諸島|351#2,南西諸島,351,islands,8,128.3062,28.7818,
八重山列島|351#2,八重山列島,351,islands,8,123.4716,24.1211,
備讃諸島|351,備讃諸島,351,islands,8,133.8801,34.4012,
父島列島|351,父島列島,351,islands,8,142.1202,27.1807,
母島列島|351,母島列島,351,islands,8,142.0419,26.6895,
防予諸島|351,防予諸島,351,islands,8,132.2369,33.8294,
琉球諸島|351#2,琉球諸島,351,islands,8,124.2619,24.8721,
琉球諸島|351#3,琉球諸島,351,islands,8,127.0672,26.855,
聟島列島|351,聟島列島,351,islands,8,142.044,27.6665,
吐噶喇列島|351#2,吐噶喇列島,351,islands,9,129.7497,29.4184,
ベヨネース列岩|352,ベヨネース列岩,352,island,4,139.9178,31.8881,
悪石島|352,悪石島,352,island,4,129.5961,29.4635,
粟国島|352,粟国島,352,island,4,127.2203,26.5947,
粟島|352,粟島,352,island,4,139.2393,38.4676,
伊平屋島|352,伊平屋島,352,island,4,127.999,27.0714,
一ノ岩|352,一ノ岩,352,island,4,142.0999,27.7625,
壱岐島|352,壱岐島,352,island,4,129.6922,33.762,
宇久島|352,宇久島,352,island,4,129.1031,33.2789,
奥尻島|352,奥尻島,352,island,4,139.4508,42.1583,
横当島|352,横当島,352,island,4,128.9795,28.7977,
沖ノ鳥島|352,沖ノ鳥島,352,island,4,136.0698,20.4257,
沖ノ島|352,沖ノ島,352,island,4,130.1056,34.2402,
沖の島|352,沖の島,352,island,4,132.5528,32.7261,
沖永良部島|352,沖永良部島,352,island,4,128.6636,27.423,
沖岩|352,沖岩,352,island,4,143.2576,41.9156,
沖大東島|352,沖大東島,352,island,4,131.1905,24.4672,
沖縄島|352,沖縄島,352,island,4,127.977,26.4755,
屋久島|352,屋久島,352,island,4,130.5066,30.2591,
下島|352,下島,352,island,4,130.0781,32.3997,
嫁島|352,嫁島,352,island,4,142.2043,27.4949,
臥蛇島|352,臥蛇島,352,island,4,129.537,29.899,
海驢島|352,海驢島,352,island,4,140.9601,45.4765,
喜界島|352,喜界島,352,island,4,129.9573,28.2899,
久場島|352,久場島,352,island,4,123.6827,25.9272,
久米島|352,久米島,352,island,4,126.7149,26.3611,
久六島|352,久六島,352,island,4,139.4962,40.5336,
宮古島|352,宮古島,352,island,4,125.3526,24.7805,
魚釣島|352,魚釣島,352,island,4,123.4726,25.7442,
金華山|352,金華山,352,island,4,141.5698,38.2921,
見島|352,見島,352,island,4,131.1356,34.7777,
後島|352,後島,352,island,4,142.2194,27.4924,
御蔵島|352,御蔵島,352,island,4,139.595,33.8818,
口永良部島|352,口永良部島,352,island,4,130.1839,30.4652,
口之島|352,口之島,352,island,4,129.9188,29.974,
国後島|352,国後島,352,island,4,145.8435,44.0452,
黒島|352,黒島,352,island,4,129.9326,30.8303,
佐渡島|352,佐渡島,352,island,4,138.3385,38.181,
嵯峨ノ島|352,嵯峨ノ島,352,island,4,128.5977,32.7249,
桜島|352,桜島,352,island,4,130.6453,31.5867,
三宅島|352,三宅島,352,island,4,139.5497,34.0868,
姉島|352,姉島,352,island,4,142.1562,26.5554,
志発島|352,志発島,352,island,4,146.1813,43.5276,
七ツ島|352,七ツ島,352,island,4,136.8704,37.6012,
種子島|352,種子島,352,island,4,131.0147,30.5717,
種島|352,種島,352,island,4,140.9573,45.5015,
小島|352,小島,352,island,4,139.7955,41.3562,
小宝島|352,小宝島,352,island,4,129.3256,29.2253,
小呂島|352,小呂島,352,island,4,130.0356,33.867,
焼尻島|352,焼尻島,352,island,4,141.3995,44.4357,
上ノ根島|352,上ノ根島,352,island,4,129.0001,28.8375,
上島|352,上島,352,island,4,130.3267,32.4657,
色丹島|352,色丹島,352,island,4,146.7677,43.7879,
新島|352,新島,352,island,4,139.2723,34.3933,
神津島|352,神津島,352,island,4,139.1364,34.2163,
諏訪之瀬島|352,諏訪之瀬島,352,island,4,129.6991,29.6403,
須美寿島|352,須美寿島,352,island,4,140.051,31.4392,
水晶島|352,水晶島,352,island,4,145.9108,43.44,
水納島|352,水納島,352,island,4,124.6866,24.7568,
生月島|352,生月島,352,island,4,129.4244,33.3948,
西之島|352,西之島,352,island,4,140.8832,27.2436,
西表島|352,西表島,352,island,4,123.7912,24.4021,
青ヶ島|352,青ヶ島,352,island,4,139.7626,32.4623,
石垣島|352,石垣島,352,island,4,124.2389,24.4672,
銭洲|352,銭洲,352,island,4,138.8123,33.9434,
倉橋島|352,倉橋島,352,island,4,132.513,34.1357,
多良間島|352,多良間島,352,island,4,124.7154,24.657,
対馬|352,対馬,352,island,4,129.3544,34.408,
大正島|352,大正島,352,island,4,124.5589,25.9222,
大島|352,大島,352,island,4,139.3492,41.5086,
大島|352#2,大島,352,island,4,139.4055,34.7439,
大島|352#3,大島,352,island,4,129.3393,28.3552,
択捉島|352,択捉島,352,island,4,147.5835,44.8675,
蛸岩|352,蛸岩,352,island,4,142.1576,27.6993,
辰ノ島|352,辰ノ島,352,island,4,129.6744,33.8659,
淡路島|352,淡路島,352,island,4,134.8654,34.4556,
竹島|352,竹島,352,island,4,131.8634,37.2456,
竹島|352#2,竹島,352,island,4,130.4269,30.8079,
中御神島|352,中御神島,352,island,4,123.5619,24.1956,
中之島|352,中之島,352,island,4,129.8776,29.843,
鳥島|352,鳥島,352,island,4,140.3091,30.483,
鳥島|352#2,鳥島,352,island,4,126.8207,26.5971,
弟島|352,弟島,352,island,4,142.1933,27.1667,
天売島|352,天売島,352,island,4,141.302,44.423,
渡嘉敷島|352,渡嘉敷島,352,island,4,127.3549,26.1579,
渡名喜島|352,渡名喜島,352,island,4,127.1448,26.3648,
島後|352,島後,352,island,4,133.3328,36.2609,
島前|352,島前,352,island,4,133.0362,36.038,
東島|352,東島,352,island,4,142.2469,27.0921,
徳之島|352,徳之島,352,island,4,128.9095,27.7711,
南小島|352,南小島,352,island,4,123.555,25.7195,
南大東島|352,南大東島,352,island,4,131.2578,25.8419,
南鳥島|352,南鳥島,352,island,4,153.9816,24.2883,
南風ノ波瀬|352,南風ノ波瀬,352,island,4,129.4176,34.719,
南硫黄島|352,南硫黄島,352,island,4,141.4641,24.2357,
二ノ岩|352,二ノ岩,352,island,4,142.1164,27.7443,
波照間島|352,波照間島,352,island,4,123.761,24.059,
馬毛島|352,馬毛島,352,island,4,130.8513,30.7359,
媒島|352,媒島,352,island,4,142.1768,27.6312,
白瀬|352,白瀬,352,island,4,128.79,33.172,
八丈島|352,八丈島,352,island,4,139.7955,33.1065,
肥前鳥島|352,肥前鳥島,352,island,4,128.1033,32.2488,
飛島|352,飛島,352,island,4,139.5525,39.1961,
父島|352,父島,352,island,4,142.2112,27.0677,
福江島|352,福江島,352,island,4,128.8504,32.6856,
平戸島|352,平戸島,352,island,4,129.4231,33.2651,
弁天島|352,弁天島,352,island,4,141.8994,45.5323,
母島|352,母島,352,island,4,142.1548,26.6757,
宝島|352,宝島,352,island,4,129.2033,29.1474,
北小島|352,北小島,352,island,4,123.5413,25.7343,
北大東島|352,北大東島,352,island,4,131.321,25.9395,
北硫黄島|352,北硫黄島,352,island,4,141.2897,25.4396,
姪島|352,姪島,352,island,4,142.2318,26.5713,
勇留島|352,勇留島,352,island,4,146.0674,43.42,
与那国島|352,与那国島,352,island,4,122.9933,24.4496,
与論島|352,与論島,352,island,4,128.4288,27.0432,
利尻島|352,利尻島,352,island,4,141.2416,45.1394,
利島|352,利島,352,island,4,139.2751,34.5247,
硫黄鳥島|352,硫黄鳥島,352,island,4,128.2228,27.8767,
硫黄島|352,硫黄島,352,island,4,141.3254,24.788,
硫黄島|352#2,硫黄島,352,island,4,130.2924,30.7867,
礼文島|352,礼文島,352,island,4,141.0178,45.3608,
孀婦岩|352,孀婦岩,352,island,4,140.3476,29.7942,
聟島|352,聟島,352,island,4,142.1342,27.6847,
舳倉島|352,舳倉島,352,island,4,136.9185,37.8532,
藺灘波島|352,藺灘波島,352,island,4,139.2984,33.6512,
サンドン岩|352,サンドン岩,352,island,8,129.7705,28.7583,
デン島|352,デン島,352,island,8,130.1114,30.7466,
トンバラ岩|352,トンバラ岩,352,island,8,129.7245,28.5456,
ナガンヌ島|352,ナガンヌ島,352,island,8,127.5557,26.2688,
ハルカリモシリ島|352,ハルカリモシリ島,352,island,8,146.1748,43.415,
ユルリ島|352,ユルリ島,352,island,8,145.6203,43.2097,
阿嘉島|352,阿嘉島,352,island,8,127.2625,26.1933,
粟島|352#2,粟島,352,island,8,133.6147,34.2853,
伊計島|352,伊計島,352,island,8,128.0075,26.3851,
伊江島|352,伊江島,352,island,8,127.7847,26.7376,
伊吹島|352,伊吹島,352,island,8,133.5179,34.134,
伊是名島|352,伊是名島,352,island,8,127.9008,26.9212,
伊島|352,伊島,352,island,8,134.8208,33.8596,
伊良部島|352,伊良部島,352,island,8,125.1865,24.8662,
因島|352,因島,352,island,8,133.2006,34.3278,
宇治向島|352,宇治向島,352,island,8,129.4244,31.1908,
宇治島|352,宇治島,352,island,8,129.4828,31.2025,
烏帽子島|352,烏帽子島,352,island,8,129.9954,33.6901,
鵜渡根島|352,鵜渡根島,352,island,8,139.308,34.4698,
鵜来島|352,鵜来島,352,island,8,132.4718,32.8029,
横島|352,横島,352,island,8,132.4007,32.9378,
鴎島|352,鴎島,352,island,8,140.1014,41.8627,
黄島|352,黄島,352,island,8,128.9139,32.5645,
沖ノ島|352#2,沖ノ島,352,island,8,135.0697,34.111,
沖ノ南岩|352,沖ノ南岩,352,island,8,123.568,25.7544,
沖ノ北岩|352,沖ノ北岩,352,island,8,123.556,25.7823,
沖島|352,沖島,352,island,8,136.0046,35.2128,
屋形島|352,屋形島,352,island,8,131.9238,32.7697,
屋代島|352,屋代島,352,island,8,132.3073,33.9417,
恩馳島|352,恩馳島,352,island,8,139.0646,34.1831,
下ノ島|352,下ノ島,352,island,8,129.4097,30.8424,
下甑島|352,下甑島,352,island,8,129.7454,31.6706,
下地島|352,下地島,352,island,8,125.1312,24.8042,
加計呂麻島|352,加計呂麻島,352,island,8,129.2425,28.1229,
加唐島|352,加唐島,352,island,8,129.8385,33.6003,
貝殻島|352,貝殻島,352,island,8,145.8545,43.3981,
外離島|352,外離島,352,island,8,123.7074,24.3721,
蓋井島|352,蓋井島,352,island,8,130.7788,34.1226,
角島|352,角島,352,island,8,130.8348,34.3658,
笠戸島|352,笠戸島,352,island,8,131.8239,33.9254,
椛島|352,椛島,352,island,8,129.0131,32.7599,
樺島|352,樺島,352,island,8,129.7973,32.5569,
冠島|352,冠島,352,island,8,135.4312,35.6849,
紀伊大島|352,紀伊大島,352,island,8,135.8484,33.4435,
久賀島|352,久賀島,352,island,8,128.87,32.7919,
久高島|352,久高島,352,island,8,127.8946,26.1431,
久場島|352#2,久場島,352,island,8,127.2251,26.1699,
久多島|352,久多島,352,island,8,130.222,31.5478,
宮城島|352,宮城島,352,island,8,128,26.3611,
牛島|352,牛島,352,island,8,131.9846,33.8527,
興居島|352,興居島,352,island,8,132.5961,33.9086,
兄島|352,兄島,352,island,8,142.2314,27.1288,
厳島|352,厳島,352,island,8,132.3132,34.2476,
玄界島|352,玄界島,352,island,8,130.2182,33.6895,
古志岐島|352,古志岐島,352,island,8,129.1834,33.3056,
戸島|352,戸島,352,island,8,132.3513,33.2097,
向島|352,向島,352,island,8,142.0749,26.6011,
広島|352,広島,352,island,8,133.6861,34.3687,
江の島|352,江の島,352,island,8,139.478,35.2893,
江島|352,江島,352,island,8,129.3496,33.0262,
高井神島|352,高井神島,352,island,8,133.2793,34.1942,
高見島|352,高見島,352,island,8,133.6662,34.3125,
高島|352,高島,352,island,8,129.5755,33.1832,
高島|352#2,高島,352,island,8,131.8335,34.8487,
黒島|352#2,黒島,352,island,8,124.025,24.2301,
黒島|352#3,黒島,352,island,8,128.849,32.6012,
黒島|352#4,黒島,352,island,8,129.4121,34.3168,
黒島|352#5,黒島,352,island,8,129.502,33.1396,
佐久島|352,佐久島,352,island,8,137.0589,34.7241,
座間味島|352,座間味島,352,island,8,127.3013,26.2494,
鮫瀬|352,鮫瀬,352,island,8,128.3519,31.9644,
鮫島|352,鮫島,352,island,8,129.4241,31.1355,
三ッ島|352,三ッ島,352,island,8,129.4337,34.7368,
四阪島|352,四阪島,352,island,8,133.1982,34.1155,
志賀島|352,志賀島,352,island,8,130.2979,33.6921,
獅子島|352,獅子島,352,island,8,130.2378,32.2726,
寺島|352,寺島,352,island,8,129.0492,33.2565,
鹿久居島|352,鹿久居島,352,island,8,134.3521,34.7058,
式根島|352,式根島,352,island,8,139.1865,34.3236,
室津島|352,室津島,352,island,8,139.4333,42.0121,
篠島|352,篠島,352,island,8,137.0143,34.677,
若宮島|352,若宮島,352,island,8,129.6816,33.8901,
若松島|352,若松島,352,island,8,129.0073,32.8926,
手島|352,手島,352,island,8,133.6511,34.3967,
秋勇留島|352,秋勇留島,352,island,8,146.0282,43.3734,
祝島|352,祝島,352,island,8,131.9664,33.8017,
出島|352,出島,352,island,8,141.5434,38.4482,
初島|352,初島,352,island,8,139.1837,35.0387,
女島|352,女島,352,island,8,128.3646,31.9926,
女木島|352,女木島,352,island,8,134.0349,34.3927,
小臥蛇島|352,小臥蛇島,352,island,8,129.6277,29.8773,
小値賀島|352,小値賀島,352,island,8,129.065,33.2171,
小島|352#2,小島,352,island,8,129.3527,29.2319,
小豆島|352,小豆島,352,island,8,134.2622,34.5569,
小浜島|352,小浜島,352,island,8,123.979,24.3358,
松島|352,松島,352,island,8,129.5868,32.928,
松島|352#2,松島,352,island,8,133.1797,36.1071,
沼島|352,沼島,352,island,8,134.839,34.1706,
上ノ島|352,上ノ島,352,island,8,129.4763,30.863,
上阿値賀島|352,上阿値賀島,352,island,8,129.3458,33.2565,
上蒲刈島|352,上蒲刈島,352,island,8,132.7275,34.1987,
上甑島|352,上甑島,352,island,8,129.8704,31.8866,
城ヶ島|352,城ヶ島,352,island,8,139.6139,35.1266,
新城島|352,新城島,352,island,8,123.9223,24.2251,
深島|352,深島,352,island,8,131.9314,32.7145,
神山島|352,神山島,352,island,8,127.5914,26.2629,
神子元島|352,神子元島,352,island,8,138.951,34.5674,
神島|352,神島,352,island,8,136.9793,34.5351,
水ノ子島|352,水ノ子島,352,island,8,132.1618,33.0423,
菅島|352,菅島,352,island,8,136.9096,34.4899,
雀島|352,雀島,352,island,8,129.4169,31.164,
生口島|352,生口島,352,island,8,133.1014,34.2924,
西ノ島|352,西ノ島,352,island,8,132.9624,36.1185,
西島|352,西島,352,island,8,134.4624,34.6533,
請島|352,請島,352,island,8,129.2301,28.0126,
青海島|352,青海島,352,island,8,131.2066,34.4375,
青島|352,青島,352,island,8,131.4799,31.8044,
青島|352#2,青島,352,island,8,132.5006,33.7352,
赤島|352,赤島,352,island,8,128.9795,33.1853,
赤島|352#2,赤島,352,island,8,128.938,32.5943,
前島|352,前島,352,island,8,127.4551,26.2044,
相ノ島|352,相ノ島,352,island,8,129.202,32.9217,
相島|352,相島,352,island,8,130.3497,33.7623,
相島|352#2,相島,352,island,8,131.2616,34.5054,
走島|352,走島,352,island,8,133.4255,34.3434,
孫島|352,孫島,352,island,8,142.2057,27.1939,
多楽島|352,多楽島,352,island,8,146.3169,43.6515,
大黒島|352,大黒島,352,island,8,144.8877,42.9524,
大崎下島|352,大崎下島,352,island,8,132.8268,34.1499,
大崎上島|352,大崎上島,352,island,8,132.8872,34.2742,
大三島|352,大三島,352,island,8,133.0108,34.2342,
大水島|352,大水島,352,island,8,129.3791,28.1044,
大築島|352,大築島,352,island,8,130.4918,32.4944,
大津島|352,大津島,352,island,8,131.6996,33.9912,
大島|352#4,大島,352,island,8,130.4228,33.9288,
大島|352#5,大島,352,island,8,129.9607,32.1878,
大島|352#6,大島,352,island,8,131.3927,34.4969,
大島|352#7,大島,352,island,8,132.0848,32.9646,
大島|352#8,大島,352,island,8,131.424,31.5262,
大島|352#9,大島,352,island,8,133.0681,34.1297,
大島|352#10,大島,352,island,8,133.3603,34.0069,
大島|352#11,大島,352,island,8,134.4998,33.6278,
大島|352#12,大島,352,island,8,146.8065,43.7508,
大毛島|352,大毛島,352,island,8,134.623,34.2092,
大野原島|352,大野原島,352,island,8,139.3739,34.045,
大矢野島|352,大矢野島,352,island,8,130.4427,32.5653,
大立島|352,大立島,352,island,8,129.4347,33.0254,
大蟇島|352,大蟇島,352,island,8,129.5453,32.8666,
鷹島|352,鷹島,352,island,8,129.7448,31.4372,
択捉島|352#2,択捉島,352,island,8,147.8028,45.1251,
男鹿島|352,男鹿島,352,island,8,134.5959,34.6648,
男島|352,男島,352,island,8,128.4164,32.0448,
男木島|352,男木島,352,island,8,134.0771,34.4301,
知夫里島|352,知夫里島,352,island,8,132.9964,36.0122,
知林ヶ島|352,知林ヶ島,352,island,8,130.6813,31.2774,
池間島|352,池間島,352,island,8,125.2222,24.9247,
池島|352,池島,352,island,8,129.5841,32.8859,
築島|352,築島,352,island,8,131.3975,31.4793,
竹富島|352,竹富島,352,island,8,124.0875,24.3108,
中ノ島|352,中ノ島,352,island,8,133.1213,36.0563,
中甑島|352,中甑島,352,island,8,129.8344,31.7866,
中通島|352,中通島,352,island,8,129.0639,32.9565,
中島|352,中島,352,island,8,132.616,33.9399,
中島|352#2,中島,352,island,8,140.8543,42.6117,
柱島|352,柱島,352,island,8,132.3973,34.0088,
長島|352,長島,352,island,8,130.1125,32.1753,
長島|352#2,長島,352,island,8,132.0598,33.8199,
長島|352#3,長島,352,island,8,134.2529,34.6716,
津堅島|352,津堅島,352,island,8,127.9502,26.2469,
津倉瀬|352,津倉瀬,352,island,8,129.7506,31.3091,
的山大島|352,的山大島,352,island,8,129.537,33.5128,
田代島|352,田代島,352,island,8,141.3978,38.2959,
度島|352,度島,352,island,8,129.5477,33.4392,
怒和島|352,怒和島,352,island,8,132.5545,33.9966,
島浦島|352,島浦島,352,island,8,131.837,32.6605,
島山島|352,島山島,352,island,8,128.6094,32.657,
湯島|352,湯島,352,island,8,130.3263,32.6021,
答志島|352,答志島,352,island,8,136.8399,34.5456,
奈留島|352,奈留島,352,island,8,128.9225,32.8551,
内院島|352,内院島,352,island,8,129.248,34.0967,
南小島|352#2,南小島,352,island,8,129.4334,30.8262,
南島|352,南島,352,island,8,142.1421,27.024,
二神島|352,二神島,352,island,8,129.5642,33.6066,
日振島|352,日振島,352,island,8,132.2884,33.1516,
入砂島|352,入砂島,352,island,8,127.0919,26.3796,
能登島|352,能登島,352,island,8,136.9641,37.1417,
能美島|352,能美島,352,island,8,132.4261,34.1962,
馬渡島|352,馬渡島,352,island,8,129.7303,33.5734,
八丈小島|352,八丈小島,352,island,8,139.5906,33.1289,
八島|352,八島,352,island,8,132.1614,33.7338,
鳩間島|352,鳩間島,352,island,8,123.8145,24.4781,
飛瀬|352,飛瀬,352,island,8,123.5062,25.7356,
枇榔島|352,枇榔島,352,island,8,131.1225,31.4287,
美良島|352,美良島,352,island,8,128.9122,33.1643,
姫島|352,姫島,352,island,8,128.6678,32.8049,
姫島|352#2,姫島,352,island,8,131.6639,33.7432,
平安座島|352,平安座島,352,island,8,127.9684,26.3356,
平郡島|352,平郡島,352,island,8,132.2617,33.7943,
平瀬|352,平瀬,352,island,8,130.0582,30.0426,
平島|352,平島,352,island,8,129.2432,33.0225,
平島|352#2,平島,352,island,8,129.537,29.7006,
平島|352#3,平島,352,island,8,142.1703,26.5809,
保戸島|352,保戸島,352,island,8,132.0176,33.1036,
方瀬|352,方瀬,352,island,8,129.5934,28.3274,
豊島|352,豊島,352,island,8,134.0782,34.4992,
北之島|352,北之島,352,island,8,142.09,27.7185,
北木島|352,北木島,352,island,8,133.5223,34.374,
本島|352,本島,352,island,8,133.7582,34.3956,
妹島|352,妹島,352,island,8,142.1916,26.5397,
網地島|352,網地島,352,island,8,141.461,38.2554,
野崎島|352,野崎島,352,island,8,129.1494,33.187,
野島|352,野島,352,island,8,131.6838,33.9385,
野甫島|352,野甫島,352,island,8,127.9124,27.0001,
友ヶ島|352,友ヶ島,352,island,8,135.0367,34.2958,
有福島|352,有福島,352,island,8,128.9266,32.9142,
由利島|352,由利島,352,island,8,132.5425,33.8448,
雄島|352,雄島,352,island,8,136.1096,36.2526,
与路島|352,与路島,352,island,8,129.1343,28.0459,
来間島|352,来間島,352,island,8,125.2294,24.7153,
硫黄島(鬼界ヶ島)|352,硫黄島(鬼界ヶ島),352,island,8,130.2961,30.8288,
嶮暮帰島|352,嶮暮帰島,352,island,8,145.1198,43.0483,
